DATE_KEY,Year,Quarter,Month,Day,Sum of DAY,Sum of MONTH,MONTH_NAME,Sum of QUARTER,Sum of YEAR,DAY_NAME
0001ffe4d82d0d8f9fec5ab0b4faa2db,2013,Qtr 4,October,7,7,10,Octth,4,2013,Day
0095a52f8a0e02a140bcad01e006d00c,2011,Qtr 3,July,26,26,7,Julth,3,2011,Day
00bfaeb585c87c9f5074d228abb4b8fb,2012,Qtr 3,August,11,11,8,Augth,3,2012,Day
00c0d1d4fb14e331ca9e478a9afc945d,2011,Qtr 4,October,23,23,10,Octth,4,2011,Day
01070cf843f2ca45e3d4ec7c02c52551,2013,Qtr 1,January,14,14,1,Janth,1,2013,Day
0120f4004ede1143c3be6caa4227affe,2013,Qtr 3,September,27,27,9,Septh,3,2013,Day
013f173c58073e845f675d26fdde1918,2013,Qtr 3,July,2,2,7,Julth,3,2013,Day
0149f124a48640c62d90840ac5760331,2013,Qtr 3,August,13,13,8,Augth,3,2013,Day
01e8942a5792053a553c4612bd6c06a6,2014,Qtr 1,January,27,27,1,Janth,1,2014,Day
01e9454335c45aa6cdee165f2c25b3c0,2012,Qtr 3,August,20,20,8,Augth,3,2012,Day
01eb8a9956865747637639482336f5f8,2013,Qtr 1,January,31,31,1,Janth,1,2013,Day
01fa6f8199200216ae5fb86e25570605,2011,Qtr 3,September,14,14,9,Septh,3,2011,Day
0215d13a3368541a5d2965db89d41de3,2011,Qtr 1,February,6,6,2,Febth,1,2011,Day
021a9f9ff27cc992988201b84cae392f,2012,Qtr 1,February,16,16,2,Febth,1,2012,Day
021d7f51f97fea2b23b069288066b34d,2014,Qtr 1,February,3,3,2,Febth,1,2014,Day
024c27431ac9d720119c6c64f5ea46d3,2011,Qtr 3,July,19,19,7,Julth,3,2011,Day
02ad1a5ca18e58629b8c1d6a6401d071,2013,Qtr 2,May,22,22,5,Mayth,2,2013,Day
02b96ab6e0935145589be4e1408a1675,2013,Qtr 3,September,10,10,9,Septh,3,2013,Day
02bc737163cde26453ad278829f046f2,2011,Qtr 4,November,3,3,11,Novth,4,2011,Day
0383d48e76cd8a3dfb9e2a890f2cac18,2013,Qtr 3,July,9,9,7,Julth,3,2013,Day
03bf7d2a8718ee9aca4bd2f37e962fc4,2013,Qtr 3,August,16,16,8,Augth,3,2013,Day
03e9c154083778a02a19e7d2c3dcd97d,2012,Qtr 1,January,5,5,1,Janth,1,2012,Day
043dc8381a880800c6904db9a2d6994e,2012,Qtr 3,August,28,28,8,Augth,3,2012,Day
048405fe051586c63978bfe6b3a8b733,2012,Qtr 4,December,29,29,12,Decth,4,2012,Day
04dbdf67bb8714ba18c9c36d50d1f5dc,2013,Qtr 3,July,24,24,7,Julth,3,2013,Day
050bcbb7849a1aed0fb1af1cdb635b4a,2011,Qtr 2,May,22,22,5,Mayth,2,2011,Day
052bef40cf5de65502f816e08746e64c,2011,Qtr 1,February,8,8,2,Febth,1,2011,Day
058af5b2a408d57b708367e5bf4e9d9c,2013,Qtr 4,October,3,3,10,Octth,4,2013,Day
05c5da89af1a92d8b290990620fd3737,2011,Qtr 1,March,22,22,3,Marth,1,2011,Day
05e7920e8caf0303dc01b77666952b75,2013,Qtr 3,September,24,24,9,Septh,3,2013,Day
05e9b1aef79ffc1802e11be68f5d1062,2011,Qtr 2,June,6,6,6,Junth,2,2011,Day
0605970f0e23f47a1e2af81a5f9bc913,2011,Qtr 1,February,10,10,2,Febth,1,2011,Day
060e60684e6fb7ae3c79db1e8c889417,2012,Qtr 4,November,29,29,11,Novth,4,2012,Day
07074f83c23833dcaa105e1acf3c3b98,2011,Qtr 1,March,7,7,3,Marth,1,2011,Day
070e7bb8852d69e16952038e5532904f,2013,Qtr 1,January,12,12,1,Janth,1,2013,Day
072bf847aeeee970f66483e596496cd9,2013,Qtr 1,February,24,24,2,Febth,1,2013,Day
07713adfd12a8cd9d376671631f3bc02,2013,Qtr 1,January,15,15,1,Janth,1,2013,Day
07b31bae17c7890b17d79a654aa230cf,2013,Qtr 2,May,29,29,5,Mayth,2,2013,Day
07b38747fb1cdad01d7ff97006ca5ccb,2011,Qtr 1,January,29,29,1,Janth,1,2011,Day
07b7d2aed13a63a16377587dcc0abbe8,2013,Qtr 3,September,22,22,9,Septh,3,2013,Day
07d14b363438ad842665e35b72cd095b,2011,Qtr 1,March,18,18,3,Marth,1,2011,Day
07d38a7203ab5925667e754d788a14f6,2011,Qtr 1,February,13,13,2,Febth,1,2011,Day
07f0f4d1950116643ea4a45db1bc7999,2012,Qtr 2,May,25,25,5,Mayth,2,2012,Day
07f48468b4de047ab258a3d18df75f9d,2012,Qtr 3,September,23,23,9,Septh,3,2012,Day
0810498037ca8f9a53af3803ab6317c8,2012,Qtr 1,March,20,20,3,Marth,1,2012,Day
0814775cfc25da756a9b4197347ab771,2013,Qtr 2,May,23,23,5,Mayth,2,2013,Day
086ede30a02aceddb0b53ef006935d73,2012,Qtr 4,November,15,15,11,Novth,4,2012,Day
089c2a426c196c5ca5facb20896c90bb,2013,Qtr 2,April,28,28,4,Aprth,2,2013,Day
08ff55594d8ca57b756a1953f77ebc89,2014,Qtr 1,February,4,4,2,Febth,1,2014,Day
0901723b6b14e1720aa78a72eedad5f3,2012,Qtr 2,April,24,24,4,Aprth,2,2012,Day
0990769bd233255d308a2f2137e95214,2013,Qtr 1,January,21,21,1,Janth,1,2013,Day
09a92962b3b77384fb4671e2a6803a84,2012,Qtr 1,March,23,23,3,Marth,1,2012,Day
0a2ae1635ed951cbbaf7e3dfb1b460b2,2012,Qtr 3,September,18,18,9,Septh,3,2012,Day
0a2fc1bbcd813bb0c58bfba89e3844f8,2011,Qtr 4,December,19,19,12,Decth,4,2011,Day
0a4b6bdfa942be79610a09d2da131410,2011,Qtr 4,October,24,24,10,Octth,4,2011,Day
0a6897e1c1e03291162006eaf64d9e6d,2011,Qtr 1,March,21,21,3,Marth,1,2011,Day
0a6c721efa4fbe33f8e9e76a63f5b591,2013,Qtr 1,January,26,26,1,Janth,1,2013,Day
0abdefac8d1bd8fada12695898a16347,2011,Qtr 3,July,28,28,7,Julth,3,2011,Day
0b2223e9289eb4a053913fe2c44e1359,2011,Qtr 4,November,27,27,11,Novth,4,2011,Day
0b2687a4d54329af7fc2df3d9ee1a02b,2011,Qtr 2,April,29,29,4,Aprth,2,2011,Day
0b5b42bd1c2c831ec2018ff055eecdab,2011,Qtr 2,June,24,24,6,Junth,2,2011,Day
0b80ce5eab877cae9997209e0bee6e60,2013,Qtr 1,February,8,8,2,Febth,1,2013,Day
0be9b4cec5bf5b809cc2e222c24ee42b,2011,Qtr 4,November,17,17,11,Novth,4,2011,Day
0c0fda0e7ef55245aa19e42bf9928281,2012,Qtr 2,June,16,16,6,Junth,2,2012,Day
0c1f008e577b55c7f8b72ceeae17ff1c,2012,Qtr 3,July,16,16,7,Julth,3,2012,Day
0c8ff735cb2b05718573c08173335fd4,2013,Qtr 1,March,28,28,3,Marth,1,2013,Day
0cae3b8f778ef4612ed00352a284e421,2012,Qtr 2,June,18,18,6,Junth,2,2012,Day
0cb388227f4fdb8ab3e94e6477d98f5a,2011,Qtr 1,March,31,31,3,Marth,1,2011,Day
0d1574b7622bdd9b2ec0b9869608d4cb,2011,Qtr 1,February,9,9,2,Febth,1,2011,Day
0d15ba5aa4c9ad0377b26e0cf7a86280,2013,Qtr 3,July,15,15,7,Julth,3,2013,Day
0d3057f268050d468f468434f8ec809a,2013,Qtr 4,December,11,11,12,Decth,4,2013,Day
0da2bc000f1fe4ea8746f9aea0bb5879,2013,Qtr 4,October,25,25,10,Octth,4,2013,Day
0dc34ca2aaa8612cde077f1880b78b25,2013,Qtr 1,February,21,21,2,Febth,1,2013,Day
0df76889b3e31ccfd17b50cc73baef03,2013,Qtr 2,June,9,9,6,Junth,2,2013,Day
0e000451f430d2e5b745a08b4ee7836c,2014,Qtr 1,January,16,16,1,Janth,1,2014,Day
0e0438a8bdbea53929bd664be8421837,2011,Qtr 4,October,10,10,10,Octth,4,2011,Day
0e0f7e43982ae36c0cd7c9ba6bc6c699,2012,Qtr 2,June,26,26,6,Junth,2,2012,Day
0e193a421db30416d1fd10bcf77b3eda,2012,Qtr 2,May,2,2,5,Mayth,2,2012,Day
0e23f371129aecc6b2033620b226f8d7,2013,Qtr 2,May,12,12,5,Mayth,2,2013,Day
0e3f5655bf7de733060720a9c9e92669,2012,Qtr 1,January,4,4,1,Janth,1,2012,Day
0e5d0e3f7f9f1ae575ea209e1c544a79,2011,Qtr 2,May,17,17,5,Mayth,2,2011,Day
0ef697b4ad71a7e322d53c0d31d3db09,2011,Qtr 3,July,18,18,7,Julth,3,2011,Day
0f3e3e16d175d3da9e3d2ab5f42e2a8d,2011,Qtr 1,March,16,16,3,Marth,1,2011,Day
0f6ec3eddc369989df58eb1d35a746b9,2011,Qtr 2,June,21,21,6,Junth,2,2011,Day
0fc0d540e96e3fc1463b71e253aac75b,2012,Qtr 2,June,15,15,6,Junth,2,2012,Day
0fdc213a5f9c4a355f1240ee1160acdb,2012,Qtr 1,March,19,19,3,Marth,1,2012,Day
100acb16459de9c5ebfc99be9a36afbe,2012,Qtr 1,January,29,29,1,Janth,1,2012,Day
100feae0ab76bce714e9670fc87cdb42,2012,Qtr 1,January,23,23,1,Janth,1,2012,Day
1017d85c0aac1e105895a940a3edcc42,2011,Qtr 3,July,12,12,7,Julth,3,2011,Day
1022f3e1145b30057972239301ce3382,2012,Qtr 4,December,8,8,12,Decth,4,2012,Day
10286aa18ba7fc1d175af14353ff81c6,2012,Qtr 4,November,16,16,11,Novth,4,2012,Day
104cef6597ea499d4b3c31db81c466f6,2012,Qtr 4,October,23,23,10,Octth,4,2012,Day
106dfbaf552c07a1b08d065f2c343982,2013,Qtr 1,March,29,29,3,Marth,1,2013,Day
109423a52128e234487abcd717f01458,2013,Qtr 1,January,6,6,1,Janth,1,2013,Day
109b131069827970adb3b6d3aea896c2,2011,Qtr 4,December,26,26,12,Decth,4,2011,Day
113b93979b7148e51e98bd22c3ff290e,2011,Qtr 2,April,28,28,4,Aprth,2,2011,Day
1196d321a78d3dac9aa831bdf2b781e9,2011,Qtr 2,May,28,28,5,Mayth,2,2011,Day
11b3d48fc77bf2f9079ba4e1d713d8c7,2011,Qtr 2,June,28,28,6,Junth,2,2011,Day
12092303778fcfa88ed7d284b74c6a6a,2014,Qtr 1,January,30,30,1,Janth,1,2014,Day
120e988208d0c7478eebe7175e557b29,2012,Qtr 3,August,14,14,8,Augth,3,2012,Day
121689451d0e65a4fc6c180cbe0d452f,2011,Qtr 1,January,8,8,1,Janth,1,2011,Day
126a150f00133dcede50b2ccff26629d,2011,Qtr 3,July,22,22,7,Julth,3,2011,Day
128ee9ff420de424a605a0ee4a6f7916,2013,Qtr 4,December,5,5,12,Decth,4,2013,Day
12b1840e7453d3f4221dc0d69006ef40,2012,Qtr 3,July,7,7,7,Julth,3,2012,Day
12e0e6d801bd9b913826b796045098f0,2011,Qtr 2,April,2,2,4,Aprth,2,2011,Day
12f7b41c44093026f4726315fac19fd6,2011,Qtr 3,August,25,25,8,Augth,3,2011,Day
13554fafffaf23d93f17c1b353041e27,2012,Qtr 2,April,21,21,4,Aprth,2,2012,Day
13af0cd214494c6df4622847478d94fe,2011,Qtr 3,September,15,15,9,Septh,3,2011,Day
13b7c2277967bc61802018c764b5b2a0,2014,Qtr 1,January,21,21,1,Janth,1,2014,Day
13c2439a16b8e0eab906d0cd09c97dbc,2011,Qtr 1,March,2,2,3,Marth,1,2011,Day
13cf8e3f6f70d6ec53d1bddcf2753024,2011,Qtr 2,May,20,20,5,Mayth,2,2011,Day
1401dd6358958d3a2101578467a542f6,2011,Qtr 3,July,7,7,7,Julth,3,2011,Day
14114c0c0c03d2681f7688c3c6e94055,2012,Qtr 3,August,9,9,8,Augth,3,2012,Day
141947ecbe6170100396f0be43a07a37,2012,Qtr 3,September,14,14,9,Septh,3,2012,Day
14353ec5f8684711ecb09fb3893b126c,2011,Qtr 1,January,15,15,1,Janth,1,2011,Day
14cf1002d25f6005ecb94636b7f549b1,2012,Qtr 4,October,31,31,10,Octth,4,2012,Day
14e4b13c27fb9bce9938ce35b6597eca,2013,Qtr 1,March,10,10,3,Marth,1,2013,Day
1556bafff387fc8f2f6fef64c1daa6bc,2013,Qtr 4,November,22,22,11,Novth,4,2013,Day
15699e35c72c4036c71409f3f3d69528,2013,Qtr 1,March,4,4,3,Marth,1,2013,Day
15aceb75d86814cb479f1b1a9487c3d4,2013,Qtr 1,March,1,1,3,Marth,1,2013,Day
1678083e7ff90bd404baad3f60bffa37,2013,Qtr 2,April,18,18,4,Aprth,2,2013,Day
167c301692e8c30daa0602fbcbeb02b6,2011,Qtr 4,November,25,25,11,Novth,4,2011,Day
1685ca8ff12ea83725a1c35e1d89c5cd,2013,Qtr 1,March,16,16,3,Marth,1,2013,Day
16918840d98f27ce45948fe73dd5592f,2013,Qtr 3,August,5,5,8,Augth,3,2013,Day
16e364d19895243407b256ec272d5394,2013,Qtr 4,October,14,14,10,Octth,4,2013,Day
17044eafedd2e32a8a67b6b194bb83d3,2011,Qtr 1,January,5,5,1,Janth,1,2011,Day
174acf6ca4e9804d47a59a499422e621,2013,Qtr 2,June,1,1,6,Junth,2,2013,Day
17520f5649fab40fb66771362888cb90,2013,Qtr 4,November,24,24,11,Novth,4,2013,Day
175a5d217fad85df9f6639d7ced1e5d9,2013,Qtr 4,November,3,3,11,Novth,4,2013,Day
1786ecaa04cd18d45fa6519a0c4a5c4a,2012,Qtr 1,January,25,25,1,Janth,1,2012,Day
179dd140475e65390a6f692d562104f8,2011,Qtr 2,April,25,25,4,Aprth,2,2011,Day
17a27272d9d53953cbf6d182310e95ec,2012,Qtr 3,September,25,25,9,Septh,3,2012,Day
17aa93a3dd7f6454bc0d81beb182a5e6,2011,Qtr 4,October,28,28,10,Octth,4,2011,Day
17b5405b2f84fb3c49c98faa3667396c,2011,Qtr 3,August,16,16,8,Augth,3,2011,Day
18025e6a8791d350428f65c0783ebd99,2013,Qtr 2,April,24,24,4,Aprth,2,2013,Day
1863d57986d1ff09ff1b6e4a7b1cbce6,2011,Qtr 2,June,18,18,6,Junth,2,2011,Day
186b0be01dd08ffcc5cb19cc226fb731,2012,Qtr 4,December,23,23,12,Decth,4,2012,Day
18bea060239713ee5f865109f63f3a8a,2013,Qtr 1,February,28,28,2,Febth,1,2013,Day
18ed686c4efc5757b5c809cfcc456ce1,2012,Qtr 4,November,9,9,11,Novth,4,2012,Day
18f358e551b5b85912bc952ab9894c0d,2013,Qtr 3,September,6,6,9,Septh,3,2013,Day
18f7c9bb65478213b7dcd26262dde1a0,2011,Qtr 3,September,9,9,9,Septh,3,2011,Day
19fce68d7871e14df67c5940bc0ca8ab,2012,Qtr 4,October,2,2,10,Octth,4,2012,Day
1a957c2fc6360821c819775ff9ef6f7e,2012,Qtr 3,September,17,17,9,Septh,3,2012,Day
1aaafc415cabd13fe410504154a58757,2011,Qtr 1,February,21,21,2,Febth,1,2011,Day
1b30ec3bcb718d69a0b3a02c36113181,2011,Qtr 4,October,1,1,10,Octth,4,2011,Day
1b4ad6f2870d20368322123ed8553459,2011,Qtr 2,June,25,25,6,Junth,2,2011,Day
1b9e9a1c42d997d68923258c60ed20d5,2012,Qtr 2,April,29,29,4,Aprth,2,2012,Day
1ba7e8cdf85da6cf5e11554703236b52,2014,Qtr 1,January,3,3,1,Janth,1,2014,Day
1bc9f4b5f1c56b7e2d5b17c27dad280f,2012,Qtr 4,October,8,8,10,Octth,4,2012,Day
1c37e3540a186a26df97e1d816a180d8,2011,Qtr 1,March,14,14,3,Marth,1,2011,Day
1d0cd3f4d344a14526f6b36b1240748e,2011,Qtr 1,January,11,11,1,Janth,1,2011,Day
1d94ce9f1e285f2d6cb6680691aed781,2012,Qtr 3,August,5,5,8,Augth,3,2012,Day
1ec57de0d40386e4f2460c44e1041294,2011,Qtr 2,April,16,16,4,Aprth,2,2011,Day
1f46035fc72c89f13de95ed295e3f737,2011,Qtr 4,October,30,30,10,Octth,4,2011,Day
1f50dad3f1493a5cf408c4eb3987479e,2013,Qtr 1,March,31,31,3,Marth,1,2013,Day
1f760221df457e3dd3ffaf756be2b521,2011,Qtr 4,October,12,12,10,Octth,4,2011,Day
1faee5670542865e021595151379fe5c,2013,Qtr 4,November,12,12,11,Novth,4,2013,Day
202be13b3d9b1d0ed9abbfdb2f26a9a4,2011,Qtr 3,August,30,30,8,Augth,3,2011,Day
207f6c5125350a97b1a410dc655800f6,2012,Qtr 4,October,27,27,10,Octth,4,2012,Day
20b5e9ce0f87defd975a322149ec8cc6,2013,Qtr 1,January,28,28,1,Janth,1,2013,Day
20b851db79828c985958154243411278,2013,Qtr 1,February,1,1,2,Febth,1,2013,Day
20c1dd9f3b9a28a0588112859bcaf3dd,2011,Qtr 1,January,6,6,1,Janth,1,2011,Day
20d42f6cfcb5eda27dc59cfb68aa4732,2012,Qtr 2,June,21,21,6,Junth,2,2012,Day
2161780b6db40411111a69f18a2056bd,2011,Qtr 3,September,10,10,9,Septh,3,2011,Day
21a8a8728571572bbc42a5a3bdaf9f1c,2011,Qtr 2,April,22,22,4,Aprth,2,2011,Day
222037d3aa2a1c1520bb378c14db0565,2011,Qtr 3,July,29,29,7,Julth,3,2011,Day
2238742959ecea1cc6a6148c4f555b08,2012,Qtr 3,July,17,17,7,Julth,3,2012,Day
226d694fb4b7f71d62444f9528be8704,2013,Qtr 1,March,19,19,3,Marth,1,2013,Day
2296af5563b2061aa1d88124a37eecb7,2013,Qtr 3,September,29,29,9,Septh,3,2013,Day
22ba60942e58ccfed22ed8a64ec86aa3,2012,Qtr 3,August,26,26,8,Augth,3,2012,Day
22db51e448053c41a0b54d56c61806bc,2011,Qtr 1,February,24,24,2,Febth,1,2011,Day
2324aa49dea31d140d6701555edd756c,2012,Qtr 3,July,11,11,7,Julth,3,2012,Day
232e830f1ac667c081eaaca23cdf9b5f,2013,Qtr 3,August,30,30,8,Augth,3,2013,Day
235096cd6d16ea6b32ab3dfe3cd7fc1d,2011,Qtr 3,August,28,28,8,Augth,3,2011,Day
236684fb5e7041b0bce387092d87c3ea,2012,Qtr 2,May,24,24,5,Mayth,2,2012,Day
237af51ebd50812b99ed354c75c3e11d,2012,Qtr 1,January,13,13,1,Janth,1,2012,Day
239346f094c2e076937f49d33eb884e9,2012,Qtr 1,March,15,15,3,Marth,1,2012,Day
23a5b49ccc2da58997efec267bd20005,2011,Qtr 2,May,14,14,5,Mayth,2,2011,Day
23bd9a9b90557e9da7babfb8e3d2df22,2013,Qtr 3,August,19,19,8,Augth,3,2013,Day
23e53557c4c2300cb2511c53082467bb,2011,Qtr 4,December,28,28,12,Decth,4,2011,Day
23f22724b430320654759f8512440ebc,2013,Qtr 2,May,31,31,5,Mayth,2,2013,Day
244cede513841376c37dc856f2f5e7b9,2013,Qtr 2,June,2,2,6,Junth,2,2013,Day
254d832c83ccdb2c33eab65a4fd196ff,2013,Qtr 2,June,17,17,6,Junth,2,2013,Day
254f2678aa3e07c5a9451a18e28f2624,2012,Qtr 4,December,27,27,12,Decth,4,2012,Day
2587ddcd808fbd36ac5ceec2863ab2af,2011,Qtr 1,March,29,29,3,Marth,1,2011,Day
2650f1a188c472a9efa2a38091dbaa44,2011,Qtr 2,June,13,13,6,Junth,2,2011,Day
26614863fc843ef78880895407be81a2,2011,Qtr 2,May,5,5,5,Mayth,2,2011,Day
26bea7aeb1e663560418f8837927a87a,2011,Qtr 3,August,11,11,8,Augth,3,2011,Day
2707fbccd14f3db6d4c5aa0aeaa9d258,2011,Qtr 3,September,19,19,9,Septh,3,2011,Day
2736db866ea3366c10431df335770c4c,2011,Qtr 3,September,3,3,9,Septh,3,2011,Day
2766ca1bca285e813b134ddc2a2efa99,2012,Qtr 1,February,21,21,2,Febth,1,2012,Day
276d128fe3aa57f2302ada8154e97cc2,2011,Qtr 3,August,8,8,8,Augth,3,2011,Day
2797a91b25bc2aa85124c99bc574dc83,2013,Qtr 4,November,30,30,11,Novth,4,2013,Day
287c323e0efa1c1148232e905c3f7d34,2012,Qtr 4,October,1,1,10,Octth,4,2012,Day
288d3167bf0dc7676963fa7998052f54,2012,Qtr 1,January,19,19,1,Janth,1,2012,Day
28ba281a58dae2613cc89f9d101be807,2012,Qtr 4,November,20,20,11,Novth,4,2012,Day
28bccfdf72994294d98126fdf32256b0,2011,Qtr 2,June,22,22,6,Junth,2,2011,Day
290499d9b8e65db426ba9b842714eb6d,2013,Qtr 3,August,4,4,8,Augth,3,2013,Day
29811b471c7da705b519bb457273565b,2012,Qtr 2,April,9,9,4,Aprth,2,2012,Day
29f704a15c85c5c5a8ad8422095ae44c,2011,Qtr 3,August,26,26,8,Augth,3,2011,Day
2a4234d94b0d548e524e2871335265f0,2011,Qtr 3,August,27,27,8,Augth,3,2011,Day
2a6250d596353ea8d83850c77e8b9ad4,2011,Qtr 3,July,21,21,7,Julth,3,2011,Day
2a8c7f899adb0e29724a30c7fb9e8618,2012,Qtr 3,September,10,10,9,Septh,3,2012,Day
2b53375239b19c31e4947cc1033443c0,2012,Qtr 4,December,31,31,12,Decth,4,2012,Day
2bb3043229844628920922115ca2f967,2012,Qtr 2,June,20,20,6,Junth,2,2012,Day
2becb9647677a1a316b388bbad689580,2013,Qtr 3,July,14,14,7,Julth,3,2013,Day
2c9d527f6ea5c0d14748fcde2dc730c5,2012,Qtr 3,September,21,21,9,Septh,3,2012,Day
2d3821c62d6665c47296272022e338e1,2012,Qtr 4,November,23,23,11,Novth,4,2012,Day
2d6e054ac82934d489c58cc8399a1628,2013,Qtr 3,July,6,6,7,Julth,3,2013,Day
2e19cf4ec5f6b0d897c8d5b873a164e5,2011,Qtr 3,September,22,22,9,Septh,3,2011,Day
2e2f00bd76bf684c963392e80aa33f5c,2011,Qtr 3,September,1,1,9,Septh,3,2011,Day
2ed3972e38245b633ec6b146c2970148,2013,Qtr 3,July,19,19,7,Julth,3,2013,Day
2f0fa9e84e7c99cd5a1f2223c8504757,2011,Qtr 2,June,10,10,6,Junth,2,2011,Day
2f1c6881a8aee249301a33785404cd23,2012,Qtr 2,June,25,25,6,Junth,2,2012,Day
2f49cf3cf9904a79c666862bd2c9e3a1,2011,Qtr 1,March,25,25,3,Marth,1,2011,Day
2f58ddcb4c9f30e1ac2a6edb90189d95,2012,Qtr 2,June,8,8,6,Junth,2,2012,Day
2f6f8a5ec1c6c4b60d2ceb4eb5ad9c78,2012,Qtr 1,January,3,3,1,Janth,1,2012,Day
2fb09097185e604aaadbfde958fd6262,2014,Qtr 1,January,24,24,1,Janth,1,2014,Day
2fdcff2fdbe32f29016778bbf2d2634c,2011,Qtr 4,November,4,4,11,Novth,4,2011,Day
2fe1a028f9398deb2efcd536c8246fae,2013,Qtr 3,August,3,3,8,Augth,3,2013,Day
3032fcbd695819ad7b6723a9cd53f277,2012,Qtr 3,August,6,6,8,Augth,3,2012,Day
305c66634c155cab2b5cc3ce00351eb1,2013,Qtr 3,July,26,26,7,Julth,3,2013,Day
30aed1460184602b98a479b6418e474a,2012,Qtr 3,September,3,3,9,Septh,3,2012,Day
30df06c098f61f2e78c2d0edb6e1b65a,2012,Qtr 3,August,31,31,8,Augth,3,2012,Day
3143ce3c6436ed5bd25398756b7b661d,2013,Qtr 1,March,2,2,3,Marth,1,2013,Day
31c99d724c1f182c60edb82eb4740277,2013,Qtr 4,December,3,3,12,Decth,4,2013,Day
31ee28e8b3065df78e0ab30c3bde73e0,2011,Qtr 3,July,17,17,7,Julth,3,2011,Day
31fe4966a778432b46c41b3ae4fc9171,2012,Qtr 2,April,23,23,4,Aprth,2,2012,Day
3231874380fe0ddd5531449efe325585,2011,Qtr 4,December,25,25,12,Decth,4,2011,Day
331afa0aff1b1cfbf3d24944ab38c9d2,2013,Qtr 4,November,11,11,11,Novth,4,2013,Day
336a679e4b20d70ee4a230ccc5fd12f7,2012,Qtr 2,April,13,13,4,Aprth,2,2012,Day
33bb097d269ab64d47a26edc82a3fbb4,2011,Qtr 4,December,8,8,12,Decth,4,2011,Day
348f48807f500aeac729fb17d9bc97f1,2013,Qtr 3,July,1,1,7,Julth,3,2013,Day
34ac3f5a318d1a93a8a4ad7dfac9fb98,2012,Qtr 4,November,11,11,11,Novth,4,2012,Day
34fbf2f6480a253f5b18c3295860e4ca,2012,Qtr 2,April,6,6,4,Aprth,2,2012,Day
3500da16b6d3d0da611bc08c2b1e1c05,2013,Qtr 1,January,17,17,1,Janth,1,2013,Day
350462f2d0124beb0d7adf60dd79a8b8,2011,Qtr 3,September,21,21,9,Septh,3,2011,Day
3509cccaf2642efa12aab8da9ba03c1f,2012,Qtr 1,January,16,16,1,Janth,1,2012,Day
3519c8eb4095dbc69d80eb61856d3435,2013,Qtr 2,April,15,15,4,Aprth,2,2013,Day
35a6fa1efa2ccca1297564c53a3633af,2012,Qtr 4,December,4,4,12,Decth,4,2012,Day
3604937fec9f63b2bfd6c01fb97f2c14,2012,Qtr 3,September,7,7,9,Septh,3,2012,Day
361e2c62255e0c1887ac2139911ca300,2013,Qtr 1,February,9,9,2,Febth,1,2013,Day
368bf74b3769bb91f49d30908786b862,2012,Qtr 1,February,10,10,2,Febth,1,2012,Day
36ab6f1df21f3c9a169c8942e981959a,2013,Qtr 4,October,15,15,10,Octth,4,2013,Day
375bde15092f45652b6398c1dff650d0,2013,Qtr 2,May,14,14,5,Mayth,2,2013,Day
37a5117199a38b7e31d389445dab0cef,2011,Qtr 4,November,1,1,11,Novth,4,2011,Day
37d432af4c14cecfa24199777e440c0a,2011,Qtr 2,May,15,15,5,Mayth,2,2011,Day
38c343b5c13f75876efc9310060cce67,2011,Qtr 3,August,1,1,8,Augth,3,2011,Day
38c9e5d1e366b4c5c36aae682bc960c4,2013,Qtr 4,December,9,9,12,Decth,4,2013,Day
38d32d96c9adb3ccccf0e286aa08123c,2012,Qtr 3,September,20,20,9,Septh,3,2012,Day
39106a04f091528b34339175a1913836,2011,Qtr 4,October,29,29,10,Octth,4,2011,Day
39fe373cdcb4534addde73890415b660,2013,Qtr 2,April,20,20,4,Aprth,2,2013,Day
39ff8ac1e8a44088f96e17b846ec8baf,2013,Qtr 2,June,30,30,6,Junth,2,2013,Day
3a0c86e2d3f9856bab812272b3f829ab,2011,Qtr 1,March,30,30,3,Marth,1,2011,Day
3a23b248b732af434a45fce0302aa11f,2013,Qtr 3,August,9,9,8,Augth,3,2013,Day
3a2f313512bb520c43971e54ba834dec,2013,Qtr 3,September,19,19,9,Septh,3,2013,Day
3a5d59e0d6a1a261f70c276f78a569eb,2011,Qtr 4,December,10,10,12,Decth,4,2011,Day
3a863c1566a0017156508557cf038c56,2011,Qtr 2,May,6,6,5,Mayth,2,2011,Day
3ace441341c719dd401296ee5a591431,2011,Qtr 3,September,25,25,9,Septh,3,2011,Day
3b1c887bb1207e2d1f3db508935b9a03,2011,Qtr 1,March,28,28,3,Marth,1,2011,Day
3b2d50088b5462490d2079beeb91dc27,2012,Qtr 3,September,27,27,9,Septh,3,2012,Day
3c1811b546060d91957cc446aabc4a3c,2013,Qtr 2,April,17,17,4,Aprth,2,2013,Day
3c4bf68562424c26986beae6ce13704a,2013,Qtr 2,April,5,5,4,Aprth,2,2013,Day
3c6f36b5b624fc10e0e7fb916bc9e67a,2011,Qtr 4,November,14,14,11,Novth,4,2011,Day
3c8e2c51453f4d665f1050da871dead6,2013,Qtr 2,April,12,12,4,Aprth,2,2013,Day
3d2f1a711567258a8d30dab6a6dbd8f6,2012,Qtr 3,July,23,23,7,Julth,3,2012,Day
3db19f5f710f10e90ecc7154c649d60a,2013,Qtr 4,November,28,28,11,Novth,4,2013,Day
3dc63b2d6dcc8f0b6720b06b5439a0b1,2013,Qtr 3,September,25,25,9,Septh,3,2013,Day
3e07f09fb2edbdf0bf6a54c17634514b,2013,Qtr 1,March,3,3,3,Marth,1,2013,Day
3e107cd1554225ea3056ed5010adce90,2014,Qtr 1,January,5,5,1,Janth,1,2014,Day
3e48b2167bd86ef570e46d0b286c4f74,2013,Qtr 1,March,8,8,3,Marth,1,2013,Day
3e5c252ff13111aa6a12067ee19d69e6,2012,Qtr 1,February,14,14,2,Febth,1,2012,Day
3e7e739b92f7b3f5bba0229477027dc2,2011,Qtr 2,April,1,1,4,Aprth,2,2011,Day
3eb2a52c6c6787843bc1ac7f25a034a0,2011,Qtr 3,August,17,17,8,Augth,3,2011,Day
3ebfce6ccd7540a632ae7e6ad8100c29,2013,Qtr 2,June,15,15,6,Junth,2,2013,Day
3f0c8308e4e2e5c4ddc1b7e19304f613,2013,Qtr 3,September,4,4,9,Septh,3,2013,Day
3f20f21c57e09a6c071e44d1fe74b58a,2013,Qtr 1,March,17,17,3,Marth,1,2013,Day
3f2cc1cda23225c8d4cf5b2e744cc92d,2011,Qtr 3,July,3,3,7,Julth,3,2011,Day
3f72b837978dcd042b73e7270f11a4ca,2013,Qtr 4,November,19,19,11,Novth,4,2013,Day
3f9a1152bc048e6eb1f01994b7cf5f9d,2012,Qtr 4,October,7,7,10,Octth,4,2012,Day
3fbd0407b55d3a3da21388a2ddbf881c,2013,Qtr 2,May,25,25,5,Mayth,2,2013,Day
3fce335517b518d0723258ab9aab91d5,2012,Qtr 2,June,9,9,6,Junth,2,2012,Day
3fe686907939d07097f6c87f08025422,2013,Qtr 4,November,5,5,11,Novth,4,2013,Day
4004a117f65dfd3221a9cce8fce5a45f,2013,Qtr 4,October,2,2,10,Octth,4,2013,Day
402c87e1893d53d9506b00bc7914b980,2012,Qtr 1,February,20,20,2,Febth,1,2012,Day
40883861f6e25a2e09e848a7891f4f38,2013,Qtr 2,May,16,16,5,Mayth,2,2013,Day
40e7dd73b09eac540e790daf6fac41af,2013,Qtr 1,March,22,22,3,Marth,1,2013,Day
40eee601514259a9632d510ca71226cc,2014,Qtr 1,January,18,18,1,Janth,1,2014,Day
40ff348468b73116a7077c246985e0bf,2013,Qtr 2,May,7,7,5,Mayth,2,2013,Day
412998e77ee121227580e3d363f75fa2,2013,Qtr 2,June,22,22,6,Junth,2,2013,Day
41464bd548f06ca845208f69df30ac82,2013,Qtr 1,March,13,13,3,Marth,1,2013,Day
41c97bac51d5ee4cfce0cfa86385fdbe,2012,Qtr 1,February,17,17,2,Febth,1,2012,Day
41ef6b06b63ba4f6a5234245a439b157,2013,Qtr 4,December,20,20,12,Decth,4,2013,Day
41fc4cb27e0ee552c4c9247e1a476cc5,2013,Qtr 2,April,8,8,4,Aprth,2,2013,Day
4203367f75691615833ed21a18072519,2011,Qtr 3,July,15,15,7,Julth,3,2011,Day
427e6053bc13a556e37f64ff8e1619fb,2012,Qtr 2,April,14,14,4,Aprth,2,2012,Day
427ed6396fba4ed8ead9ec3229517d2b,2013,Qtr 2,April,27,27,4,Aprth,2,2013,Day
42abc105a78a8da94e36739d809b5613,2011,Qtr 3,August,18,18,8,Augth,3,2011,Day
42c14d5c5a8f3096180b16977a1ea248,2012,Qtr 3,September,26,26,9,Septh,3,2012,Day
42c8d51c48328d79f09bd1db2203a02d,2012,Qtr 2,April,19,19,4,Aprth,2,2012,Day
4310d0d92131e34ff2716d85e1953174,2013,Qtr 1,March,30,30,3,Marth,1,2013,Day
431cc1626e28e1bbd4e7b7eb7efcecec,2011,Qtr 1,February,25,25,2,Febth,1,2011,Day
4360a17b804bbfc81824d06174bd61a1,2012,Qtr 2,May,10,10,5,Mayth,2,2012,Day
4364e5a7100b33d6b7420dc1168e3ded,2012,Qtr 3,August,17,17,8,Augth,3,2012,Day
43a48533e5870a15f120f16375636633,2012,Qtr 3,July,9,9,7,Julth,3,2012,Day
43e2cc7ff261723f93f64f3f7e9faa8d,2013,Qtr 4,December,31,31,12,Decth,4,2013,Day
447938c634f27c1dc1ecfaab9a779b5b,2011,Qtr 2,April,27,27,4,Aprth,2,2011,Day
44d326c8c23112823a8152f26e4bb95b,2012,Qtr 2,April,5,5,4,Aprth,2,2012,Day
4500e4039ea772ebac51a9263a2eda7f,2011,Qtr 3,August,29,29,8,Augth,3,2011,Day
4539d5ac3ea4fd1548956fea790162f5,2011,Qtr 4,November,2,2,11,Novth,4,2011,Day
4555f65c4664801d78b9f5477f89d8fd,2013,Qtr 3,August,1,1,8,Augth,3,2013,Day
456c7730e983cabeb11db57ec0801795,2012,Qtr 4,October,20,20,10,Octth,4,2012,Day
4584ca349e0920f4436a3c2f36158b85,2013,Qtr 4,October,28,28,10,Octth,4,2013,Day
4593d632f4e33a6fedc30d17cbdc0c29,2012,Qtr 1,January,8,8,1,Janth,1,2012,Day
45c68ffa2dc409a0196eea5fff3994d1,2011,Qtr 2,April,6,6,4,Aprth,2,2011,Day
460e666a19398f97709b4a361d97ed76,2012,Qtr 4,December,22,22,12,Decth,4,2012,Day
4652a559216121874754c7ecfe692e94,2012,Qtr 4,October,17,17,10,Octth,4,2012,Day
46b4f921be4883580ee6326a1e99fcfc,2011,Qtr 4,October,8,8,10,Octth,4,2011,Day
46ceb00d77d3de79a22e210dbcfc6a93,2011,Qtr 3,September,7,7,9,Septh,3,2011,Day
4709376fad800343cd32df44247f5db1,2011,Qtr 2,April,5,5,4,Aprth,2,2011,Day
478ecc8cdaa127c33884d9f6c72c2cd5,2013,Qtr 2,June,6,6,6,Junth,2,2013,Day
478ee1bb67e4aeb3e6f63583f7896093,2011,Qtr 2,May,27,27,5,Mayth,2,2011,Day
47a161474962a6dcc03cfa64127a641f,2013,Qtr 4,December,28,28,12,Decth,4,2013,Day
4804ee33768b143d9706052696f7dfbd,2013,Qtr 2,June,28,28,6,Junth,2,2013,Day
485ae69515bc4c60ef546ff289741f60,2013,Qtr 2,May,19,19,5,Mayth,2,2013,Day
48f5533605f0d856d47eababe46f9790,2011,Qtr 2,May,26,26,5,Mayth,2,2011,Day
4918909674a26c217d8cc4a92860400c,2011,Qtr 1,March,19,19,3,Marth,1,2011,Day
493ae116dff448cca13e0d6443b3c3c2,2012,Qtr 1,February,8,8,2,Febth,1,2012,Day
49bd63d5ee41c9de9bc2e17c69ad0cb5,2011,Qtr 2,June,26,26,6,Junth,2,2011,Day
49fce086a31f1cfcf16b54e462f7cbc0,2013,Qtr 4,November,26,26,11,Novth,4,2013,Day
4a21ddebdfee548e65b62c2809afc1c0,2012,Qtr 3,August,16,16,8,Augth,3,2012,Day
4a318fb9cfbe73b094d25673d3ce9e38,2012,Qtr 1,January,9,9,1,Janth,1,2012,Day
4a355a6da86d846c130abd2241259099,2011,Qtr 2,June,20,20,6,Junth,2,2011,Day
4a70a3ec50fd16032883bf6fc79c55dd,2013,Qtr 3,July,10,10,7,Julth,3,2013,Day
4a800301260b2639fa1ec3efafb5f86c,2013,Qtr 2,June,12,12,6,Junth,2,2013,Day
4aed0f4e82a51c3f853b8a3df8d808eb,2011,Qtr 3,September,8,8,9,Septh,3,2011,Day
4b07ddfa8857087c363c1402c6fbcaa1,2012,Qtr 1,March,25,25,3,Marth,1,2012,Day
4b32c1f268b5edfc6d7f486137468b29,2012,Qtr 4,December,24,24,12,Decth,4,2012,Day
4b5c3229e0725ef8d303f494db9faec8,2013,Qtr 3,August,18,18,8,Augth,3,2013,Day
4b74d4eac4c3a33d22d34af93569c011,2013,Qtr 1,January,9,9,1,Janth,1,2013,Day
4bbde6a0c4076e78bc106bdc331a94c5,2012,Qtr 2,June,27,27,6,Junth,2,2012,Day
4bd94d77610f3faab529dc08576e03ab,2012,Qtr 2,May,31,31,5,Mayth,2,2012,Day
4c198b2e79c53a9853bfbc76e8e8ae1e,2013,Qtr 1,January,8,8,1,Janth,1,2013,Day
4c63ccce8761a6546d90151419eeea06,2012,Qtr 4,December,10,10,12,Decth,4,2012,Day
4c6ed4daa82e7326b84c24f4c2ae7064,2013,Qtr 4,December,29,29,12,Decth,4,2013,Day
4c9ae581a14adbccc0bcd009c17b6cbe,2014,Qtr 1,February,7,7,2,Febth,1,2014,Day
4cc27df81afd686c0420394e090460cb,2013,Qtr 3,July,12,12,7,Julth,3,2013,Day
4ceff7612cfa4420892fe23b23ca9265,2013,Qtr 2,May,3,3,5,Mayth,2,2013,Day
4d477da2cac19595261e2755bb0750f4,2011,Qtr 1,February,23,23,2,Febth,1,2011,Day
4d547de074f47405ab655adca639c8c2,2012,Qtr 3,July,1,1,7,Julth,3,2012,Day
4d61c9aac1c2415bf4aac434f815ed3a,2012,Qtr 3,August,22,22,8,Augth,3,2012,Day
4d73c32f6dcd1ffe87dd7575935d313e,2012,Qtr 2,May,14,14,5,Mayth,2,2012,Day
4d786e5d2e5c70a53e6895eb52019501,2012,Qtr 3,September,16,16,9,Septh,3,2012,Day
4d8769725b0b7f33aebf747e80c5c4e0,2012,Qtr 2,June,4,4,6,Junth,2,2012,Day
4dbaf4bdbce8284f0eb9870406ab7f04,2012,Qtr 2,May,5,5,5,Mayth,2,2012,Day
4dbf892d41ae205f6e36838031cff786,2013,Qtr 2,May,30,30,5,Mayth,2,2013,Day
4ddc8821c34bceaf3dba4a18741acca3,2013,Qtr 3,July,11,11,7,Julth,3,2013,Day
4de859c864889d3c068280a6c1c3328c,2011,Qtr 4,December,30,30,12,Decth,4,2011,Day
4e1880c62d1a2a8c16dbea8fe88f6340,2011,Qtr 3,September,20,20,9,Septh,3,2011,Day
4e6174091aa6704e09467a0839dac801,2011,Qtr 4,November,26,26,11,Novth,4,2011,Day
4eec6eda382b9c44e240ad4b4b5e9cc0,2013,Qtr 3,September,2,2,9,Septh,3,2013,Day
4ef92eb2724526d42848579d94bf7748,2013,Qtr 1,January,13,13,1,Janth,1,2013,Day
4efe8b2ca156042f8a3d8dd6aba54520,2013,Qtr 3,September,26,26,9,Septh,3,2013,Day
4f0012e973c89ab113494955e064e478,2011,Qtr 1,January,14,14,1,Janth,1,2011,Day
4f477db88196607e3dbfd0139d6028b5,2011,Qtr 3,September,24,24,9,Septh,3,2011,Day
501407dcfde5b685045ca3072168d5bb,2014,Qtr 1,January,1,1,1,Janth,1,2014,Day
5072507e949a2c25948a591c4da194e1,2013,Qtr 2,June,19,19,6,Junth,2,2013,Day
511572e8a25e86c2f48ae9e6d73a1e6a,2013,Qtr 4,October,22,22,10,Octth,4,2013,Day
5118f4d1a94c19a06818ba12904e26f0,2012,Qtr 4,December,16,16,12,Decth,4,2012,Day
512b6608a6cfdf1555c0fafeb6022830,2011,Qtr 1,January,17,17,1,Janth,1,2011,Day
51aeb01fbbe1b86816ccd49f6e3042a1,2011,Qtr 3,July,8,8,7,Julth,3,2011,Day
51c449e55b4a63a16fb45beb689150d5,2013,Qtr 1,March,12,12,3,Marth,1,2013,Day
51f131f5e73d6582c708dee703ea6d09,2012,Qtr 2,April,4,4,4,Aprth,2,2012,Day
5206c46d068e66a8c5511d764ec58206,2012,Qtr 1,March,14,14,3,Marth,1,2012,Day
520747a2cb70e20ec6fe5d384cfadf79,2010,Qtr 4,December,31,31,12,Decth,4,2010,Day
5215922a2b5965ae6b1b4f89ed711e40,2012,Qtr 2,April,25,25,4,Aprth,2,2012,Day
524fe547a612733b95c353e432357926,2012,Qtr 2,May,6,6,5,Mayth,2,2012,Day
528a71a866e16a51a12c928f3867fc40,2011,Qtr 3,September,2,2,9,Septh,3,2011,Day
52bde41d0f4e244c3d741707e5f19618,2012,Qtr 4,November,2,2,11,Novth,4,2012,Day
531a5e6e1b551dc67663de449307272a,2011,Qtr 1,March,26,26,3,Marth,1,2011,Day
53618552e03277ca126adf3489447f11,2011,Qtr 2,May,18,18,5,Mayth,2,2011,Day
53e3822e4ab7309bbe5f440fa5f4e7de,2012,Qtr 2,June,13,13,6,Junth,2,2012,Day
540c97e65b08aac734db0196254259fd,2012,Qtr 1,February,11,11,2,Febth,1,2012,Day
541309d30f5cea4d94f655886354e3fd,2012,Qtr 1,January,11,11,1,Janth,1,2012,Day
5432d51ee94799c0125bb158c8a8bd22,2013,Qtr 4,December,27,27,12,Decth,4,2013,Day
545a3d56d20b22e09aa85bfa5ed8738d,2013,Qtr 4,December,15,15,12,Decth,4,2013,Day
54867044168b33be2be2e9550aae73b6,2011,Qtr 1,January,12,12,1,Janth,1,2011,Day
54d3ba66c5e71d3112695b882ca2030e,2014,Qtr 1,January,23,23,1,Janth,1,2014,Day
54e631e6ad5b9a63c134f0ca46d89658,2012,Qtr 4,December,2,2,12,Decth,4,2012,Day
55348beba23f6cbf7d48ebb920ebb559,2011,Qtr 2,April,12,12,4,Aprth,2,2011,Day
5562fef591a89eb79cc6ed5fe92e2d42,2011,Qtr 2,June,23,23,6,Junth,2,2011,Day
556c3334adfb28b12965c8974489bdcd,2011,Qtr 2,April,7,7,4,Aprth,2,2011,Day
55f9f4cb5784581a517e59904e0d5e2f,2013,Qtr 2,April,23,23,4,Aprth,2,2013,Day
5621f5e25d40f729483fc0a25664bcc3,2012,Qtr 3,August,1,1,8,Augth,3,2012,Day
564f7f85bc0f9399a0ce2e5f21901984,2011,Qtr 4,November,13,13,11,Novth,4,2011,Day
5691ac18f59a9af20f9d8703772afbba,2013,Qtr 2,April,21,21,4,Aprth,2,2013,Day
56d78836c9cf0de136c4d2d37aba2280,2013,Qtr 3,August,22,22,8,Augth,3,2013,Day
56e52500a7f5ab963646137a401683cd,2014,Qtr 1,January,26,26,1,Janth,1,2014,Day
5728955fc583cbfd901d0ba25cb20f92,2014,Qtr 1,February,1,1,2,Febth,1,2014,Day
57353bedf8dc1d6ee91df0141dd8e8a4,2011,Qtr 2,June,4,4,6,Junth,2,2011,Day
5740ddd9cc89a58039f5790a932ada9b,2011,Qtr 4,November,12,12,11,Novth,4,2011,Day
579ccf7535264274969f909add894a18,2012,Qtr 1,January,27,27,1,Janth,1,2012,Day
57b54c3c954c0d7d91d289b81191de06,2011,Qtr 2,June,2,2,6,Junth,2,2011,Day
5881f2ec92a43470fcbe3d3477a2a1fe,2012,Qtr 3,July,6,6,7,Julth,3,2012,Day
58c4ce5b9433e7b6d41793d5a76d5590,2013,Qtr 4,December,4,4,12,Decth,4,2013,Day
58f0b42da53adeeccbfa693883fea672,2013,Qtr 3,August,29,29,8,Augth,3,2013,Day
58fb574c0b80d76f62690df366352487,2011,Qtr 4,November,24,24,11,Novth,4,2011,Day
58fbfe4a809a492f7e56c87487b71b73,2011,Qtr 2,June,14,14,6,Junth,2,2011,Day
593d65a6acc20f05e8f0ed19632bf61e,2011,Qtr 3,August,4,4,8,Augth,3,2011,Day
595e2f03af2122e9bce5fe0fff67d39e,2011,Qtr 1,February,18,18,2,Febth,1,2011,Day
59802186a17f07a81aa34b5b19aea33d,2012,Qtr 3,July,26,26,7,Julth,3,2012,Day
59901f77a5f45f9e1a4ab8a7a016680f,2011,Qtr 4,November,7,7,11,Novth,4,2011,Day
59b3bce956067f996be5f0ddd87e18c7,2012,Qtr 3,September,1,1,9,Septh,3,2012,Day
59c3d64cb01cd5ad7fd25246d81a55ff,2013,Qtr 2,April,14,14,4,Aprth,2,2013,Day
59e3b2198b06015c3db5bbabfa658d5a,2012,Qtr 1,January,1,1,1,Janth,1,2012,Day
5a06908cc28b799b04fc1c47664462e6,2013,Qtr 2,April,1,1,4,Aprth,2,2013,Day
5a9689f90da5d0d012de304d7da67a8b,2011,Qtr 4,October,11,11,10,Octth,4,2011,Day
5abaefcc8525a8f4cfd95cba9e926532,2013,Qtr 2,May,20,20,5,Mayth,2,2013,Day
5acc3f37654c9c360551251e81e6001c,2012,Qtr 2,June,23,23,6,Junth,2,2012,Day
5aec9d44b0ac5d0db100a243378111b3,2012,Qtr 4,October,11,11,10,Octth,4,2012,Day
5b07cd2a9dfb9437a07ea3012d6efbb7,2013,Qtr 1,January,18,18,1,Janth,1,2013,Day
5b2e258a90271b858fa32867ebccdae6,2011,Qtr 1,March,12,12,3,Marth,1,2011,Day
5b52026be4438e7bdff7efad86b3d446,2012,Qtr 3,September,29,29,9,Septh,3,2012,Day
5bdc8cd31bb1859c6d9dd782c52a85ae,2011,Qtr 4,November,20,20,11,Novth,4,2011,Day
5c70f2bf0cb9e8d72491348c6d6d9b06,2011,Qtr 4,November,22,22,11,Novth,4,2011,Day
5c741aa8e0753be65314a304e7b39c14,2013,Qtr 3,July,25,25,7,Julth,3,2013,Day
5cbbe853aa1a5a1370f9a614904c4b15,2014,Qtr 1,January,2,2,1,Janth,1,2014,Day
5cdbc8775008d87082e2d847e626b2f8,2012,Qtr 2,June,12,12,6,Junth,2,2012,Day
5ce02f5278d5a046fd38c1ba26b17b9a,2011,Qtr 3,July,25,25,7,Julth,3,2011,Day
5d6eba48b2fa5ed437db0475fd1b7ef4,2011,Qtr 1,March,15,15,3,Marth,1,2011,Day
5d86cf50673484650827265c9f4ddfb2,2011,Qtr 1,January,9,9,1,Janth,1,2011,Day
5d8c6714b72d01c132804ea13b83dd02,2012,Qtr 4,November,18,18,11,Novth,4,2012,Day
5dddb266d8c26eece51489fe90c9f47d,2013,Qtr 1,January,25,25,1,Janth,1,2013,Day
5df3d5e6ab78e9109e9a80b7ac423282,2012,Qtr 2,May,12,12,5,Mayth,2,2012,Day
5e1b952a22eccca86f7f056a9efb42a4,2013,Qtr 2,May,21,21,5,Mayth,2,2013,Day
5e53c2d305295a13d16055aa783fd8e1,2011,Qtr 3,July,2,2,7,Julth,3,2011,Day
5e9b4970006d8f02ba0bc1763fa8b9a6,2013,Qtr 1,February,10,10,2,Febth,1,2013,Day
5efefff01843f5aa3f7d8a4d44b4bf2e,2013,Qtr 3,August,2,2,8,Augth,3,2013,Day
5f827524a01a15af1043fdb581ce224b,2013,Qtr 1,January,5,5,1,Janth,1,2013,Day
5f8b10fd69342734dd36c905a170cf51,2012,Qtr 4,December,12,12,12,Decth,4,2012,Day
5fab5dd7b511bbf33964ef9e6f1b70dc,2011,Qtr 2,May,12,12,5,Mayth,2,2011,Day
5fcf51a91997cecbc58d2bde1a28e1ec,2012,Qtr 2,May,17,17,5,Mayth,2,2012,Day
5fe5d9c2e4271c97cde82ca667158d56,2011,Qtr 1,January,21,21,1,Janth,1,2011,Day
5fe94fb0f4dba39b9df91e97622d2ec2,2011,Qtr 4,December,22,22,12,Decth,4,2011,Day
606ed413481267c98754e3351f662859,2013,Qtr 3,July,23,23,7,Julth,3,2013,Day
609b197be8107c93f47563f68c8efa70,2011,Qtr 3,July,14,14,7,Julth,3,2011,Day
609dcf12bb3687c6856be712159d7032,2012,Qtr 3,July,30,30,7,Julth,3,2012,Day
60b901e6d879ccf3b3246e54133acee5,2014,Qtr 1,February,8,8,2,Febth,1,2014,Day
61734dbcd0f0370e33200b30508a1282,2011,Qtr 3,August,23,23,8,Augth,3,2011,Day
61e00b038efd34bdf9c747596273cbcf,2013,Qtr 3,August,23,23,8,Augth,3,2013,Day
61f221efdc5f1284178644e84c13fc7c,2012,Qtr 3,August,21,21,8,Augth,3,2012,Day
6222fb05a8551828f3607e483b652095,2012,Qtr 2,April,26,26,4,Aprth,2,2012,Day
62876ffab17a368f47277b256f840157,2011,Qtr 4,December,7,7,12,Decth,4,2011,Day
629ffff971d10f275a79a70fae527fbc,2013,Qtr 2,April,22,22,4,Aprth,2,2013,Day
6353a8421ee460b64f2c988cc72a8391,2013,Qtr 2,April,26,26,4,Aprth,2,2013,Day
63c0ac0c5d4eb1d53a95d812bbe183b2,2011,Qtr 3,July,11,11,7,Julth,3,2011,Day
63deedb09952ba4161e5d9ab30ea4d41,2011,Qtr 1,February,3,3,2,Febth,1,2011,Day
63efdd3324df66c9965bd622cdebe06a,2013,Qtr 4,October,21,21,10,Octth,4,2013,Day
640540d73b85c3ecd2e3bf5541686e87,2013,Qtr 2,June,8,8,6,Junth,2,2013,Day
641f75927019dae5752cf63866b6ddca,2012,Qtr 3,July,5,5,7,Julth,3,2012,Day
6477c205c5117a9448ba863e111acf32,2013,Qtr 3,July,7,7,7,Julth,3,2013,Day
64cadfde6f66bc25043d0d69f5ae5471,2013,Qtr 3,September,18,18,9,Septh,3,2013,Day
650b814e9875ec60f087b34f3fe85282,2012,Qtr 4,November,28,28,11,Novth,4,2012,Day
654bc11cf88df4bb20f9816e51982e64,2011,Qtr 4,October,20,20,10,Octth,4,2011,Day
6582aa26281b9a92ad60e6a03e274c00,2013,Qtr 3,September,11,11,9,Septh,3,2013,Day
6583882ca853d66524856501b27519f5,2014,Qtr 1,January,15,15,1,Janth,1,2014,Day
65b64297f0421f6e057524afb222b411,2012,Qtr 1,February,4,4,2,Febth,1,2012,Day
65e68a57e397cec5452983179d80edc2,2011,Qtr 3,September,27,27,9,Septh,3,2011,Day
663d11326de76cfa493cc577763c59ee,2012,Qtr 1,February,7,7,2,Febth,1,2012,Day
66e56e10b0f528b66a45e307ecdf4774,2013,Qtr 4,October,29,29,10,Octth,4,2013,Day
671cb8c9b19c0247af30375f5adaed12,2011,Qtr 4,November,29,29,11,Novth,4,2011,Day
679eed5d77e30211eb990c0c13145df3,2013,Qtr 1,January,23,23,1,Janth,1,2013,Day
67c3c5a7bf20d113d8d96abf6cb5e85c,2012,Qtr 4,December,19,19,12,Decth,4,2012,Day
6866da5d40f1aad2d82129d5ffa25bda,2013,Qtr 3,September,17,17,9,Septh,3,2013,Day
688f3e8d70a208f2fa540fbe4a53979e,2011,Qtr 1,January,18,18,1,Janth,1,2011,Day
68f72058f9defc103693c22af71e0035,2010,Qtr 4,December,29,29,12,Decth,4,2010,Day
68ffff9a6ccdd4edb0a94daa1483c356,2011,Qtr 4,October,21,21,10,Octth,4,2011,Day
691ad1b0dca3643b923973defd014d47,2013,Qtr 4,October,17,17,10,Octth,4,2013,Day
694d75fcfc5bc50259336e29e881a36c,2012,Qtr 2,June,10,10,6,Junth,2,2012,Day
6a373d2281ba1487d83680f65dd6e6d0,2014,Qtr 1,February,5,5,2,Febth,1,2014,Day
6a8d7e42bb852c45fbf8610361d391a0,2013,Qtr 4,December,1,1,12,Decth,4,2013,Day
6a98156d9aad5c7ca324267d73f9c9ca,2012,Qtr 3,August,23,23,8,Augth,3,2012,Day
6b775fbfe9534ff161531d4406ebb878,2012,Qtr 3,September,4,4,9,Septh,3,2012,Day
6be9692276a308e4b872323af1ad8fe2,2013,Qtr 1,February,18,18,2,Febth,1,2013,Day
6c1f25b149f7224c4de256ef6e37c951,2012,Qtr 3,July,13,13,7,Julth,3,2012,Day
6ccfb4540d439b07eef79e9ec663aeee,2013,Qtr 1,January,1,1,1,Janth,1,2013,Day
6cf9e035d2f1d8ffe1b9f2f96a9e7a3a,2014,Qtr 1,January,25,25,1,Janth,1,2014,Day
6d1d8a1c7851eb5a946d45009cea6d9f,2013,Qtr 3,September,16,16,9,Septh,3,2013,Day
6d338b8c41c717c4336ad0084a80dca4,2013,Qtr 1,March,27,27,3,Marth,1,2013,Day
6d4278f55ab037dfce90690af7b0158a,2011,Qtr 1,March,10,10,3,Marth,1,2011,Day
6d44506d59926d8d13d35f75d97f2a64,2013,Qtr 1,March,11,11,3,Marth,1,2013,Day
6d4d5745fb8f7f5dbaff1d157cfd66e0,2012,Qtr 2,April,28,28,4,Aprth,2,2012,Day
6dd75c28a9a8a39e02bc0a175f82a9f3,2013,Qtr 4,October,5,5,10,Octth,4,2013,Day
6e1ea8c2b90f9655373e732ea4445676,2012,Qtr 1,March,7,7,3,Marth,1,2012,Day
6e32728b966bb91cefefa1316da21ca8,2013,Qtr 4,October,16,16,10,Octth,4,2013,Day
6e3dbba03ae025e8c1552d05a28ddae3,2012,Qtr 4,November,21,21,11,Novth,4,2012,Day
6e5c4b769f8f70f9fd01b24ba5be9695,2013,Qtr 2,April,3,3,4,Aprth,2,2013,Day
6eaadc1181f307997dc853d9ed40db36,2013,Qtr 2,June,4,4,6,Junth,2,2013,Day
6ef7b4bb93d4e54234cf965ed2334682,2013,Qtr 3,September,20,20,9,Septh,3,2013,Day
6f28d1f037e8b8040be9f35ba03516af,2012,Qtr 3,September,15,15,9,Septh,3,2012,Day
6f876727a6ca9c8f7a1e0ab845d1df49,2011,Qtr 2,April,8,8,4,Aprth,2,2011,Day
6fc36aded95458634a0e8ab8b9ebc24a,2012,Qtr 1,February,6,6,2,Febth,1,2012,Day
700b2fdf8bbe790f020e8c6fb93a2d71,2011,Qtr 4,December,31,31,12,Decth,4,2011,Day
702a02712215141594ddf8e52b0a651c,2013,Qtr 4,October,13,13,10,Octth,4,2013,Day
705fa39ab40831529471c768490339ab,2013,Qtr 4,November,2,2,11,Novth,4,2013,Day
70951886788165a5e2439adfce4d0cce,2013,Qtr 4,November,4,4,11,Novth,4,2013,Day
70ad7386c1fe794c57fa3908ff22435d,2013,Qtr 1,February,3,3,2,Febth,1,2013,Day
70dbbfe9e1fafe828bd88bd62f0de8f4,2012,Qtr 4,October,19,19,10,Octth,4,2012,Day
7130adfd843cdcb6d0bcd9d13792693a,2013,Qtr 3,August,11,11,8,Augth,3,2013,Day
714597fe9448176d17876617114a65bc,2013,Qtr 1,March,7,7,3,Marth,1,2013,Day
72171e6e7eab0887133ec8422525979d,2012,Qtr 1,January,17,17,1,Janth,1,2012,Day
722dc621a1a56555843f574144bfcdf0,2014,Qtr 1,January,22,22,1,Janth,1,2014,Day
7233744a010a9a2e1f7a7eb4772ddfa5,2011,Qtr 4,October,22,22,10,Octth,4,2011,Day
72514ec24cd9e6144a04f1abf93e0b08,2012,Qtr 1,February,3,3,2,Febth,1,2012,Day
7254e54716fe52361e62aa16ea2e0797,2013,Qtr 2,June,16,16,6,Junth,2,2013,Day
72571bd90824be952816cc46cf59d536,2011,Qtr 1,February,26,26,2,Febth,1,2011,Day
727839743fd8ddb93101d7c79edd3f76,2012,Qtr 4,November,17,17,11,Novth,4,2012,Day
7299e51cfc0d5174743a6701a8a96488,2013,Qtr 3,September,3,3,9,Septh,3,2013,Day
72e75576254db1afef14ecdc050391c2,2013,Qtr 1,February,13,13,2,Febth,1,2013,Day
7328906f8bab0a3b391053e4df6588d3,2012,Qtr 3,July,31,31,7,Julth,3,2012,Day
734960ba36ece342ee3cecd575c43e70,2011,Qtr 2,May,21,21,5,Mayth,2,2011,Day
73a69a5c77a7d23172e54d7ce07a638e,2013,Qtr 2,April,13,13,4,Aprth,2,2013,Day
73b2264d673ee7b5b2e7e165020516ac,2013,Qtr 2,May,15,15,5,Mayth,2,2013,Day
74245d8f0073f388c4be6464c8e2f29f,2012,Qtr 3,July,29,29,7,Julth,3,2012,Day
74a9ea32186ec3a0b0657cef3f2b687f,2012,Qtr 4,October,30,30,10,Octth,4,2012,Day
74b4466b347c60a98e00951770d7b9a2,2012,Qtr 1,February,18,18,2,Febth,1,2012,Day
74cd52749cc4b84fea8b036cee2e0b9a,2011,Qtr 4,October,2,2,10,Octth,4,2011,Day
74f564dd4fda69d37ab2cd85932679fc,2011,Qtr 1,January,31,31,1,Janth,1,2011,Day
755330dee3da0e4fcef37002a479e564,2011,Qtr 4,November,23,23,11,Novth,4,2011,Day
75fe8d7dec9d2a51be64595ab37dc674,2013,Qtr 2,June,5,5,6,Junth,2,2013,Day
76918877cf6ce7011018cd9708723392,2013,Qtr 3,July,16,16,7,Julth,3,2013,Day
76b32549988cdcac2435e968471f4954,2012,Qtr 3,July,20,20,7,Julth,3,2012,Day
76e3c19dbb0dadc4c6dc771d856e4676,2013,Qtr 1,March,9,9,3,Marth,1,2013,Day
77a2a0387f57f7477e6ad3b5f0bb3093,2014,Qtr 1,February,6,6,2,Febth,1,2014,Day
782652638a2153c2b28e4a4522354d0f,2012,Qtr 3,July,15,15,7,Julth,3,2012,Day
78339826b5905c235d846a82cce76116,2011,Qtr 3,September,18,18,9,Septh,3,2011,Day
785a283b263bd599ee5a0c2af80b43b0,2012,Qtr 3,September,11,11,9,Septh,3,2012,Day
78cee6501c10922e466c02f814c8627b,2013,Qtr 1,January,11,11,1,Janth,1,2013,Day
790ee96c1472965375882b30fc089300,2011,Qtr 4,November,6,6,11,Novth,4,2011,Day
7920863768d90ab95edffbd84cfca3e6,2011,Qtr 4,October,6,6,10,Octth,4,2011,Day
7983129d9883ebc3b9dce3311996b001,2013,Qtr 2,June,21,21,6,Junth,2,2013,Day
79aec4feadc6bb77df978e9aecbf488e,2011,Qtr 4,December,5,5,12,Decth,4,2011,Day
79c5eb49b683e206aa6d5b40f84c60eb,2012,Qtr 1,March,2,2,3,Marth,1,2012,Day
79e02a49bb92138c3f331082fef97f2e,2012,Qtr 2,May,30,30,5,Mayth,2,2012,Day
79e45486ec381a8d5022628ddaa21b8b,2012,Qtr 3,September,5,5,9,Septh,3,2012,Day
79f46ce61b754fc6c2eeda754a6354bc,2012,Qtr 4,October,13,13,10,Octth,4,2012,Day
7a3cb5f97544c8ef7fd51c4b10455880,2011,Qtr 4,December,9,9,12,Decth,4,2011,Day
7a881e823dfa2748a8124f4b46b643af,2012,Qtr 3,September,12,12,9,Septh,3,2012,Day
7a8e187aeb003f6e34c02a4d5b9b153e,2013,Qtr 3,August,15,15,8,Augth,3,2013,Day
7acd252f45ad6fe668386456a673d543,2013,Qtr 4,October,9,9,10,Octth,4,2013,Day
7ad2baebba56180e3df41b5a8865d84e,2011,Qtr 3,August,3,3,8,Augth,3,2011,Day
7ae19b95cb229a2fdbd25f66c051d923,2012,Qtr 2,May,9,9,5,Mayth,2,2012,Day
7af7abc5e37d5fa2e2334b4fec2584e2,2013,Qtr 1,January,30,30,1,Janth,1,2013,Day
7afee94d3e6bff4193546ca658f9d3bf,2012,Qtr 1,February,5,5,2,Febth,1,2012,Day
7b0730955172ecda497d7cca6b1d87a1,2013,Qtr 2,April,6,6,4,Aprth,2,2013,Day
7b6f06e56a619445069388ba47da6fd8,2011,Qtr 1,February,20,20,2,Febth,1,2011,Day
7b6fb99e007535aabcd19741210af47d,2012,Qtr 4,November,27,27,11,Novth,4,2012,Day
7b70c83cb5595922297dfb93de1549d3,2012,Qtr 2,April,2,2,4,Aprth,2,2012,Day
7c3142db91e31857b37800499bf69b43,2011,Qtr 4,December,18,18,12,Decth,4,2011,Day
7c40e129a5bf240aced0b415e4bf9991,2011,Qtr 2,April,9,9,4,Aprth,2,2011,Day
7c461b9e57346f51c212a91b3cf92bfc,2012,Qtr 2,June,14,14,6,Junth,2,2012,Day
7c5572d8ea7717eb416a5478b1b0056f,2012,Qtr 3,September,13,13,9,Septh,3,2012,Day
7c6ed2fd0e84c7cd553d96c2aa5b74bf,2012,Qtr 2,April,3,3,4,Aprth,2,2012,Day
7cfccbeb91431429b23b0e41a99488f0,2012,Qtr 2,May,13,13,5,Mayth,2,2012,Day
7db2c3979b26317fc94657585dda1256,2012,Qtr 2,April,7,7,4,Aprth,2,2012,Day
7dc1c03103798a474aa763047623df54,2012,Qtr 4,December,9,9,12,Decth,4,2012,Day
7dcc4d0bd00b29e904618bdf6adc66e9,2012,Qtr 1,January,28,28,1,Janth,1,2012,Day
7de904cde4fa8a64f25573759fca404f,2011,Qtr 1,January,10,10,1,Janth,1,2011,Day
7e15f50bd26e439e6a22f5205a8064db,2013,Qtr 4,October,18,18,10,Octth,4,2013,Day
7e7a9bb13ad063eb81a70efff24ca60a,2012,Qtr 2,June,5,5,6,Junth,2,2012,Day
7ee641303ef8d8b10d0ed00a060c73cc,2013,Qtr 3,July,20,20,7,Julth,3,2013,Day
7ef7447fc083981d7d520e8df45ac789,2012,Qtr 2,May,21,21,5,Mayth,2,2012,Day
7f026edc73bd4602381834e9b850d6c2,2013,Qtr 1,February,16,16,2,Febth,1,2013,Day
7f480de9e8eb6071d108895ecf71651d,2012,Qtr 4,November,22,22,11,Novth,4,2012,Day
7f9d156e18f1be5abef55a22081e71ce,2012,Qtr 1,February,9,9,2,Febth,1,2012,Day
7fe55f4f2e51708bd160778e5ef08685,2011,Qtr 4,December,15,15,12,Decth,4,2011,Day
8092e44fa2e2a2ee34e25210038fe274,2012,Qtr 4,November,24,24,11,Novth,4,2012,Day
80f25c69c14ab1aa6fbbadcbd5eaeded,2012,Qtr 1,March,12,12,3,Marth,1,2012,Day
813f26755901d08d11203eb467615b65,2012,Qtr 2,June,2,2,6,Junth,2,2012,Day
81a5d08c6beaeec9e42baae5d63dd780,2013,Qtr 3,August,12,12,8,Augth,3,2013,Day
81bc86cf34d9877f667e64ab0836fbc9,2011,Qtr 2,June,19,19,6,Junth,2,2011,Day
8242bea4faa7e8112c9c701d437fbe67,2012,Qtr 4,November,14,14,11,Novth,4,2012,Day
830e779850b1d58733a7ad711bf6b83f,2013,Qtr 2,May,2,2,5,Mayth,2,2013,Day
835541a7e1c5fe9f0e2f6dd4fa1b8864,2011,Qtr 2,May,10,10,5,Mayth,2,2011,Day
838eec1f117f2cab9e9c306f7efbff28,2014,Qtr 1,February,2,2,2,Febth,1,2014,Day
83d1ed00595e79ee5ea3797e97970fe8,2013,Qtr 4,November,7,7,11,Novth,4,2013,Day
83e0911c7df633c9fad72d0a891f5e14,2012,Qtr 3,July,21,21,7,Julth,3,2012,Day
83e4278f3d557c0bd5784b2bc83d617c,2012,Qtr 3,August,19,19,8,Augth,3,2012,Day
83fd58ad8dee673cf915b18f70b86416,2012,Qtr 1,March,30,30,3,Marth,1,2012,Day
8432e9be3a7a8a9212201edf8ef07c9f,2011,Qtr 4,November,18,18,11,Novth,4,2011,Day
84fa845331bd2bc65a54c460e17483e0,2012,Qtr 1,February,13,13,2,Febth,1,2012,Day
853665fc08fe34bcd66df57da6a82a16,2012,Qtr 4,December,17,17,12,Decth,4,2012,Day
855bbdd661d21a89b7ae61eaea270f2c,2011,Qtr 1,February,22,22,2,Febth,1,2011,Day
8592725b85eec4822018b8728dd5b88d,2014,Qtr 1,January,31,31,1,Janth,1,2014,Day
85a7e482ebe05716e5f3929bdbe4147c,2012,Qtr 1,March,13,13,3,Marth,1,2012,Day
85e7a76ab1d6d23e87ea418480d5ffe2,2011,Qtr 1,February,28,28,2,Febth,1,2011,Day
85f14990e454433586410bd10a64d585,2012,Qtr 1,March,27,27,3,Marth,1,2012,Day
86088cdbc16fb0d5afd262a9b229fed2,2011,Qtr 1,February,7,7,2,Febth,1,2011,Day
86bfb8ffc7a79e52d833cedce4d275bf,2013,Qtr 4,November,18,18,11,Novth,4,2013,Day
86cf66ad58c4073cc4d377971f1518f3,2011,Qtr 3,July,24,24,7,Julth,3,2011,Day
86e0fc464cbb08ae74bd039224afec9a,2013,Qtr 4,December,21,21,12,Decth,4,2013,Day
86e8658344547a7d34cd2bcd4750bd8f,2012,Qtr 3,August,3,3,8,Augth,3,2012,Day
870bd4f3713260418e4f342f31dc7e33,2013,Qtr 3,August,8,8,8,Augth,3,2013,Day
8728a5e296f39e49d2fa74c31820e99f,2013,Qtr 4,November,10,10,11,Novth,4,2013,Day
87553261d36dba5a0bbb0f1d4027c7b7,2011,Qtr 1,February,4,4,2,Febth,1,2011,Day
877a9aa814260fc4c3d24bc245047f86,2011,Qtr 2,June,5,5,6,Junth,2,2011,Day
8799729d3a89b836b7fb8096b7f545c8,2012,Qtr 1,February,12,12,2,Febth,1,2012,Day
87d4f54c086f76c98b608b3ad8c4f65f,2012,Qtr 3,September,30,30,9,Septh,3,2012,Day
88077cf01a3e17831c2d0bcca5897c5b,2013,Qtr 4,December,26,26,12,Decth,4,2013,Day
883b9b4170853b321c03290f64ba199f,2013,Qtr 3,July,4,4,7,Julth,3,2013,Day
88adb3ec0d383666ee2acd29f43e3429,2012,Qtr 2,June,29,29,6,Junth,2,2012,Day
88b82588375bd49ab9a4c177ecf7af7b,2012,Qtr 3,August,29,29,8,Augth,3,2012,Day
88d8e3ff674b1514a19b24621707f0d9,2014,Qtr 1,January,19,19,1,Janth,1,2014,Day
88e79d6e34505f780b4021e0777bcdc0,2011,Qtr 4,October,19,19,10,Octth,4,2011,Day
88f50aa0771fa4f938f7b54792e066c8,2013,Qtr 1,January,24,24,1,Janth,1,2013,Day
8920fd63645007b243abb750709b1172,2013,Qtr 4,December,16,16,12,Decth,4,2013,Day
892aa61c5dad53571248cc492fa50176,2012,Qtr 4,December,30,30,12,Decth,4,2012,Day
89426de0285546a41a891a5ec5aae6ae,2011,Qtr 2,April,17,17,4,Aprth,2,2011,Day
8a2170b82ac0269686d99172f5ebc133,2011,Qtr 1,January,2,2,1,Janth,1,2011,Day
8a35f63c875d260642a69f75d4eee5b8,2011,Qtr 1,January,22,22,1,Janth,1,2011,Day
8a5d7ee8a6750efd5364f3ccd8e7ea1b,2011,Qtr 4,December,17,17,12,Decth,4,2011,Day
8a9e9eb9bf34bfb298138c0b091eaf0a,2012,Qtr 3,August,18,18,8,Augth,3,2012,Day
8b2c1dc879653ef0a877850ef4a01f47,2012,Qtr 1,March,17,17,3,Marth,1,2012,Day
8b2e1fff3ce3e2505a49fe7473894072,2011,Qtr 1,January,16,16,1,Janth,1,2011,Day
8b4b8fc84396c30bd5bacc7370e1491c,2012,Qtr 3,July,22,22,7,Julth,3,2012,Day
8b9fe4b34e3c54f08bfcac3d9691e260,2013,Qtr 3,August,26,26,8,Augth,3,2013,Day
8babade0595c11e14dd89058a850f2cd,2014,Qtr 1,January,6,6,1,Janth,1,2014,Day
8bb6e395a61f435871f799e706173295,2011,Qtr 1,January,20,20,1,Janth,1,2011,Day
8bcf785b838fcdc4c1567a41e1906287,2012,Qtr 1,February,29,29,2,Febth,1,2012,Day
8bf3f2187c9d8d382ac1537b53267abc,2011,Qtr 2,April,21,21,4,Aprth,2,2011,Day
8c4ac29dd41a3906a2513ceafeeb285c,2011,Qtr 2,May,25,25,5,Mayth,2,2011,Day
8c92537f80bd1503ecbc8b76072cc053,2011,Qtr 2,May,4,4,5,Mayth,2,2011,Day
8c9ec1be720ee75d56d0c250d10610fa,2013,Qtr 3,August,17,17,8,Augth,3,2013,Day
8d1d4829b2e801ba4e41ba48f5a549d4,2013,Qtr 3,September,13,13,9,Septh,3,2013,Day
8d35d0f6487ae6100c95dad89a4a414f,2012,Qtr 4,December,3,3,12,Decth,4,2012,Day
8d71482745a6a1be4fbbc5562ade4657,2013,Qtr 2,May,10,10,5,Mayth,2,2013,Day
8db869d79195e5e17fdcc7c203499b29,2012,Qtr 2,June,11,11,6,Junth,2,2012,Day
8dc021e7735ab95ead2c0c92072863b0,2011,Qtr 1,March,20,20,3,Marth,1,2011,Day
8dc681f418bc4515c72be4c903645815,2012,Qtr 3,August,27,27,8,Augth,3,2012,Day
8dd08d219271ec96c543f486de430703,2013,Qtr 3,July,29,29,7,Julth,3,2013,Day
8dd3ccb09d6ab7dd754ab887e66e8652,2012,Qtr 4,October,12,12,10,Octth,4,2012,Day
8e161c35e5af5e9caaca6b537330fb0e,2011,Qtr 3,August,22,22,8,Augth,3,2011,Day
8e8847c1bdf012037ee13bb62da8a5c1,2013,Qtr 4,October,10,10,10,Octth,4,2013,Day
8eb7a1b0dba9fdd5f4248b9cb6b9119b,2013,Qtr 4,October,24,24,10,Octth,4,2013,Day
8f2099f692279474c5211078c1fbcbe0,2011,Qtr 2,April,13,13,4,Aprth,2,2011,Day
8f472ffe3ff3109f420ae91355ff8f3f,2013,Qtr 4,December,2,2,12,Decth,4,2013,Day
8f50e1ce468e1998aca6615f10c9f044,2011,Qtr 1,January,19,19,1,Janth,1,2011,Day
8fa3bab223bec6501ad71f96bb1067b6,2013,Qtr 4,November,27,27,11,Novth,4,2013,Day
9013568230949755036a389cb908cfb4,2011,Qtr 2,May,13,13,5,Mayth,2,2011,Day
901d3c97008878679a99b7d12df8ecda,2011,Qtr 4,December,13,13,12,Decth,4,2011,Day
9028a0765880cb1b7ff6c72ea16b9e72,2011,Qtr 2,May,29,29,5,Mayth,2,2011,Day
90b02462c4aa07aa9f640001bc1770d2,2011,Qtr 4,October,5,5,10,Octth,4,2011,Day
90c6314650a0d54fdcabe5cd5406f9af,2013,Qtr 1,March,18,18,3,Marth,1,2013,Day
90f30c53e79c8b6bcde12e74a091432c,2012,Qtr 4,November,26,26,11,Novth,4,2012,Day
9168e86a755a5c41b2494b0599f3c88a,2012,Qtr 1,January,6,6,1,Janth,1,2012,Day
91709e289a4895815eb969d94809b8ea,2011,Qtr 2,May,16,16,5,Mayth,2,2011,Day
91b7ffe240ad23db6408cd1d19015686,2011,Qtr 2,April,10,10,4,Aprth,2,2011,Day
921bc92a493b53f98f24e6a8a12801be,2013,Qtr 4,December,6,6,12,Decth,4,2013,Day
9223b53f03a405f817e91392f0294f6a,2013,Qtr 1,March,15,15,3,Marth,1,2013,Day
922d04aa1f67bbe0270bfad98508f43e,2013,Qtr 3,July,21,21,7,Julth,3,2013,Day
928ba50351efae8cbed881787bcb4783,2011,Qtr 2,May,11,11,5,Mayth,2,2011,Day
93292bf41ccb6542d121825f25cbf70b,2012,Qtr 1,February,25,25,2,Febth,1,2012,Day
93963041729da5d8213c536f91ed9402,2013,Qtr 1,January,3,3,1,Janth,1,2013,Day
93ddc10d6cf61153011df052aa76671f,2013,Qtr 3,September,15,15,9,Septh,3,2013,Day
93eed705e4cb42d159d4aadc9a0a8461,2011,Qtr 1,February,16,16,2,Febth,1,2011,Day
9444f850ff0c10a862b4a6a9c4ab0a74,2013,Qtr 1,March,14,14,3,Marth,1,2013,Day
94b225b5b1f09ecd5e8ecdfb681ff04c,2013,Qtr 3,August,28,28,8,Augth,3,2013,Day
94c60e0b5e2b0f78b919a5d4c67d70a2,2013,Qtr 3,July,27,27,7,Julth,3,2013,Day
95103530881768b5cfc7e33970db9cd7,2013,Qtr 3,July,31,31,7,Julth,3,2013,Day
9592b44e2c3f304a9875f45537bec6eb,2013,Qtr 4,December,22,22,12,Decth,4,2013,Day
95a2a9aefc393f8630e934768cacf4cd,2013,Qtr 4,December,14,14,12,Decth,4,2013,Day
95c18655480c149d1174efe4e25df34e,2012,Qtr 3,July,25,25,7,Julth,3,2012,Day
95ddec41f799217977c3384c83bfb0ca,2012,Qtr 4,October,22,22,10,Octth,4,2012,Day
95f5058cb388519abd9105f555ae7591,2011,Qtr 3,August,10,10,8,Augth,3,2011,Day
962bae2fb03296a3b9cacabfa929322c,2013,Qtr 4,November,6,6,11,Novth,4,2013,Day
965627dc7fa4e47d5a66206f93683145,2011,Qtr 3,July,30,30,7,Julth,3,2011,Day
968e9a4bab3af2e071a27db638e363e6,2012,Qtr 4,October,18,18,10,Octth,4,2012,Day
96a3262695f10a59b726f3dfd4782c4d,2013,Qtr 1,January,20,20,1,Janth,1,2013,Day
96d3e865edc2fe5309f3c81d7966ce52,2011,Qtr 3,July,9,9,7,Julth,3,2011,Day
9712d7a71de3e6d17935b90960bdaceb,2012,Qtr 1,March,29,29,3,Marth,1,2012,Day
9795c57676ee8b8b6ba9a6f9014a520b,2014,Qtr 1,January,4,4,1,Janth,1,2014,Day
97a385eedf715bd7450079b92de22ba2,2012,Qtr 2,April,17,17,4,Aprth,2,2012,Day
97b600823b984a4660a5f3a54c1365de,2011,Qtr 2,June,15,15,6,Junth,2,2011,Day
97cd5e56c90f7c4d613dc94c51d72999,2011,Qtr 3,September,26,26,9,Septh,3,2011,Day
98010f4b6ef5a04106992af082c7d0fa,2011,Qtr 2,May,2,2,5,Mayth,2,2011,Day
9818ca9856d3cf7b357612ed1c1f59a2,2012,Qtr 2,May,26,26,5,Mayth,2,2012,Day
982b3b4109cce5d4e5bf1fcbe0ae259b,2014,Qtr 1,January,13,13,1,Janth,1,2014,Day
98c729ba235458f3bd79313db6be8db6,2011,Qtr 1,March,4,4,3,Marth,1,2011,Day
9913e55755fcc4267a06c1e6adbbc7fb,2013,Qtr 3,July,22,22,7,Julth,3,2013,Day
99b7e934795a93975a5e0c0b9b57d9ba,2013,Qtr 3,August,20,20,8,Augth,3,2013,Day
99c8f306659fd98cbb9d7f03ec0c2a7a,2013,Qtr 4,November,14,14,11,Novth,4,2013,Day
99ceae0afd3bddfab39f9341c7fd7a90,2012,Qtr 3,July,18,18,7,Julth,3,2012,Day
9a027fc72b503940a96d5137762a263e,2014,Qtr 1,January,28,28,1,Janth,1,2014,Day
9a565a7d2e70265a68ce424b97f03cfe,2012,Qtr 1,March,16,16,3,Marth,1,2012,Day
9a95fdf4e925d9cbd65f87b5aa4ac212,2013,Qtr 2,June,18,18,6,Junth,2,2013,Day
9aa1878029541c8ed2422b8b536e6b87,2012,Qtr 2,April,22,22,4,Aprth,2,2012,Day
9adbaac8d97fd446c4d97ce11625bd78,2012,Qtr 1,March,9,9,3,Marth,1,2012,Day
9af1e473046ebbc43d1ad2aa50b49777,2012,Qtr 4,November,30,30,11,Novth,4,2012,Day
9b2bcc77e799374ba0ba55212a17c6b3,2012,Qtr 2,May,11,11,5,Mayth,2,2012,Day
9b388942f77042c20d2cf762e3bde6f6,2011,Qtr 3,July,20,20,7,Julth,3,2011,Day
9b657dcbee0478c7d9be871266f00f1f,2012,Qtr 1,February,19,19,2,Febth,1,2012,Day
9b6872ca1d80024637e967d1066bba0a,2013,Qtr 2,April,11,11,4,Aprth,2,2013,Day
9b98d27287b27eeee9ebc06e1d5a9a8d,2013,Qtr 1,March,5,5,3,Marth,1,2013,Day
9bbc713be22755b8ea8e3b596e06edd2,2013,Qtr 1,January,16,16,1,Janth,1,2013,Day
9bf4969b0d30a237d93ba8c97a302ad0,2011,Qtr 3,September,23,23,9,Septh,3,2011,Day
9c09e1a3bb33cc56909b944a08096b34,2011,Qtr 1,March,13,13,3,Marth,1,2011,Day
9c1231676f7d0735ca17dcc3b53881c6,2011,Qtr 4,November,30,30,11,Novth,4,2011,Day
9c36ef758665a17e1eeb69b7f8fce1c6,2012,Qtr 4,October,5,5,10,Octth,4,2012,Day
9c55d6518880c1abf100a24da2546368,2014,Qtr 1,January,9,9,1,Janth,1,2014,Day
9c56075241a26f6fa77eb86b15411c6e,2013,Qtr 1,March,26,26,3,Marth,1,2013,Day
9cdb18f37bdd2084cec3f36c200212be,2013,Qtr 1,January,2,2,1,Janth,1,2013,Day
9cdb9e90f63b56acfa81a93f08237e59,2011,Qtr 2,May,9,9,5,Mayth,2,2011,Day
9d0c5a1a95274b55fd3f6fd19fd273ae,2011,Qtr 2,April,18,18,4,Aprth,2,2011,Day
9d2399b04a78a683bb013aa08df31452,2011,Qtr 1,March,17,17,3,Marth,1,2011,Day
9d934f91c460e9947414d00048f2fa36,2013,Qtr 3,September,9,9,9,Septh,3,2013,Day
9e0019d185356a96e0ac5b8096eef572,2011,Qtr 2,May,7,7,5,Mayth,2,2011,Day
9e1ca98ed14275c163df7ca9189e23a7,2011,Qtr 3,August,24,24,8,Augth,3,2011,Day
9e8cbc3edbb5efb3f48d6afb260e4725,2013,Qtr 2,June,13,13,6,Junth,2,2013,Day
9ee2a0f409662e4664217b7e3b808428,2012,Qtr 4,October,14,14,10,Octth,4,2012,Day
9effb9136439084df69d3197f50eb040,2011,Qtr 1,January,26,26,1,Janth,1,2011,Day
9f14679403a464909296961b7547fa87,2013,Qtr 1,January,4,4,1,Janth,1,2013,Day
9f1ff00ea8fd9fd8f2d421ba5ec45a18,2013,Qtr 4,October,12,12,10,Octth,4,2013,Day
9f3fe36539fdc61fea0c91c4694fd369,2011,Qtr 1,January,7,7,1,Janth,1,2011,Day
9f79f7706bc6a7654ef0b8977966f69a,2013,Qtr 1,February,14,14,2,Febth,1,2013,Day
9f8987003453fd37ae135a87e6b756b8,2011,Qtr 2,April,11,11,4,Aprth,2,2011,Day
9fa48dc8d46636bab53020640f0d42b9,2011,Qtr 1,March,6,6,3,Marth,1,2011,Day
a048b8d5f3f9178f163e2be055f0138b,2013,Qtr 4,December,25,25,12,Decth,4,2013,Day
a08a8a7cdc12ac1d6f6ca90a6b513d94,2012,Qtr 2,June,3,3,6,Junth,2,2012,Day
a09d09970403327b4ca7bf98052cd060,2011,Qtr 3,July,6,6,7,Julth,3,2011,Day
a0ab7eafc534bc4a8a48cd6e1cfc4d24,2012,Qtr 4,December,21,21,12,Decth,4,2012,Day
a189cc17a15cdb4e39e80dfcd8374c76,2013,Qtr 2,June,7,7,6,Junth,2,2013,Day
a1b2320235143a40a1ff4226b58f48d0,2012,Qtr 2,May,7,7,5,Mayth,2,2012,Day
a1be4f014e5b3c959503117fd1ee566a,2012,Qtr 2,June,17,17,6,Junth,2,2012,Day
a1d0c0a14c6c8f8a8ef8220209c23a64,2013,Qtr 4,October,6,6,10,Octth,4,2013,Day
a1e59736d286765313b8212467dc64b2,2014,Qtr 1,January,12,12,1,Janth,1,2014,Day
a1fedb8f5f2e08543339a5f167bee6b7,2013,Qtr 3,September,7,7,9,Septh,3,2013,Day
a23d0c239f0a09c5342f707e8417c1ec,2011,Qtr 4,October,15,15,10,Octth,4,2011,Day
a27fb9d8ace734e3b4395ec342ddb35c,2011,Qtr 4,December,1,1,12,Decth,4,2011,Day
a2c49941411089cb2a9cbf78cb803c26,2013,Qtr 2,April,25,25,4,Aprth,2,2013,Day
a37b3b8ed0bad1707ba2be514cc71f02,2012,Qtr 4,November,3,3,11,Novth,4,2012,Day
a3e65268044e3e2a027f7c5bd50d1a88,2011,Qtr 4,October,25,25,10,Octth,4,2011,Day
a426a338561351b3011d85cfc86bf781,2012,Qtr 3,July,19,19,7,Julth,3,2012,Day
a6d37e298c3042e300813f55a17e0875,2013,Qtr 3,September,1,1,9,Septh,3,2013,Day
a6f2945baeceeef4c8d541a22f6e99e9,2013,Qtr 4,December,19,19,12,Decth,4,2013,Day
a74d75778ebcaa9a01805f980ea906db,2012,Qtr 1,January,31,31,1,Janth,1,2012,Day
a7a38fdd2b588a9e04c8833fe252e250,2011,Qtr 1,March,27,27,3,Marth,1,2011,Day
a7b6562d6af25035e375b23034715469,2011,Qtr 3,September,29,29,9,Septh,3,2011,Day
a7cb0a760406e2013c8442a429fed0ae,2013,Qtr 1,January,27,27,1,Janth,1,2013,Day
a7e2e75e7fa681dcfa6bb6bfc7fc5cff,2011,Qtr 4,December,2,2,12,Decth,4,2011,Day
a81896693628eb9ebcc919d85e627b8f,2011,Qtr 1,January,3,3,1,Janth,1,2011,Day
a8a3dbb4e486b164bdd7b0d4a21bdeac,2011,Qtr 2,June,7,7,6,Junth,2,2011,Day
a8c7d5b3aff3fa32b632b239bd18e26f,2011,Qtr 4,October,3,3,10,Octth,4,2011,Day
a8ef76a01442567fb64eb6f4408a9835,2013,Qtr 2,May,9,9,5,Mayth,2,2013,Day
a935c7a44f4c417071513541e30d7c95,2011,Qtr 2,June,27,27,6,Junth,2,2011,Day
a946e75bc65318721cd1e01162d392dd,2013,Qtr 3,August,14,14,8,Augth,3,2013,Day
a976f17830aceaaa93d5daef0bc209a3,2013,Qtr 2,May,17,17,5,Mayth,2,2013,Day
a9adf65abbb865184bf924d14a93d0c4,2013,Qtr 4,November,25,25,11,Novth,4,2013,Day
a9badca0a12d937b4dcb70fd1c65dc63,2012,Qtr 1,February,22,22,2,Febth,1,2012,Day
a9cd7a99d71cca9cb644010050374ade,2013,Qtr 4,December,10,10,12,Decth,4,2013,Day
a9cefc49af6424b430612adfc69876ee,2013,Qtr 2,April,19,19,4,Aprth,2,2013,Day
aa06fa50828269965eade0f7422d1b9e,2012,Qtr 1,March,4,4,3,Marth,1,2012,Day
aa14ddbc43aa2d3be1e6ac019bb7b5bc,2013,Qtr 4,December,24,24,12,Decth,4,2013,Day
aa23a148fd157c87970b5fa9079424f9,2011,Qtr 1,March,9,9,3,Marth,1,2011,Day
aa42aae45cd2488a20db2ff74ed044f7,2012,Qtr 4,November,19,19,11,Novth,4,2012,Day
aa4ae995295bc6ee1d97c709a638619d,2012,Qtr 1,January,24,24,1,Janth,1,2012,Day
aa79d369c30c2b1258b3d47e8c10d56a,2011,Qtr 1,March,3,3,3,Marth,1,2011,Day
aaa07e52f0e1bae006632f510c91ec56,2011,Qtr 3,August,19,19,8,Augth,3,2011,Day
aae455c4d64d3ffe63d05cfe29e8fcdd,2011,Qtr 4,October,27,27,10,Octth,4,2011,Day
ab121e91b47aaffbbc247dca4687f0f0,2011,Qtr 4,November,21,21,11,Novth,4,2011,Day
ab2e81a99745ffff6c06e2be93290d1b,2013,Qtr 1,March,21,21,3,Marth,1,2013,Day
ab4946738415af86b5e3cee69b13301f,2013,Qtr 2,May,13,13,5,Mayth,2,2013,Day
abc0c3928eca59906d9e88433e5105be,2012,Qtr 1,March,21,21,3,Marth,1,2012,Day
abe94c2111c58e9c9672602d41bce66e,2013,Qtr 3,August,25,25,8,Augth,3,2013,Day
ac15b60491fe99190c0248790e690757,2013,Qtr 2,April,2,2,4,Aprth,2,2013,Day
ac203ebd768c37b8ea6931e800115ae2,2012,Qtr 3,September,22,22,9,Septh,3,2012,Day
acc20902004de8acdd3eee04bfe5f91a,2013,Qtr 1,January,10,10,1,Janth,1,2013,Day
ad0b7f5ad35732646f1e5f67418d5995,2013,Qtr 2,June,14,14,6,Junth,2,2013,Day
ad2d8c85f4c05bcb0bd6f990bd634d72,2011,Qtr 2,April,26,26,4,Aprth,2,2011,Day
ad4fbe0c82c7e5968d4cf22c2ad19e28,2013,Qtr 1,February,25,25,2,Febth,1,2013,Day
ad9d849aa74e54742c555c19900c6f1e,2012,Qtr 1,March,8,8,3,Marth,1,2012,Day
af04e65ff21d922e75b51466fd45d408,2012,Qtr 4,November,10,10,11,Novth,4,2012,Day
af0f2c97be3051a37eaf670bbd7408f8,2012,Qtr 2,June,1,1,6,Junth,2,2012,Day
af1457846a79173ef71dd9d5dd69805a,2013,Qtr 2,June,29,29,6,Junth,2,2013,Day
af72a655addfd9c5fe31f98036f50911,2011,Qtr 2,May,30,30,5,Mayth,2,2011,Day
afdb67129022ab285264def615fa587a,2012,Qtr 1,January,26,26,1,Janth,1,2012,Day
b0241b451647f25db5f52074445d820c,2013,Qtr 3,August,27,27,8,Augth,3,2013,Day
b0533b36d073e7b905a5da8878aaa59c,2011,Qtr 2,June,30,30,6,Junth,2,2011,Day
b072685f839bf660f163321d570bd4df,2011,Qtr 3,September,17,17,9,Septh,3,2011,Day
b0950d12c62d3aeda81b2e8d06f2aef4,2013,Qtr 4,December,30,30,12,Decth,4,2013,Day
b0a28b9424a894b803da41df596f0291,2012,Qtr 3,August,2,2,8,Augth,3,2012,Day
b0b2c17e5682f78d8fc262463fd0a4f3,2013,Qtr 2,May,26,26,5,Mayth,2,2013,Day
b0d346be9fa7508e21d5c500b97e6b7a,2012,Qtr 1,January,2,2,1,Janth,1,2012,Day
b17aa434fc2718b9cd1a0d02141e0641,2011,Qtr 2,April,24,24,4,Aprth,2,2011,Day
b1ad26241c636eff92eee5bae93235ce,2012,Qtr 4,November,12,12,11,Novth,4,2012,Day
b210069485754303767745919c328b97,2013,Qtr 3,August,7,7,8,Augth,3,2013,Day
b21e833d3ead6056f1265f13fe1ff015,2013,Qtr 3,July,3,3,7,Julth,3,2013,Day
b243d2d1c866ff70a41839ea58d11fdb,2012,Qtr 1,March,18,18,3,Marth,1,2012,Day
b2ce0ef2540789e8a6976165b6c917d8,2013,Qtr 4,December,17,17,12,Decth,4,2013,Day
b2d2f5ceb10246b49d6ab4905e6f9753,2012,Qtr 2,May,15,15,5,Mayth,2,2012,Day
b2e85aa5f9c095607e638c7e6e2c694b,2013,Qtr 1,January,29,29,1,Janth,1,2013,Day
b322422d9a721bbdefa133133dd407c1,2013,Qtr 4,October,4,4,10,Octth,4,2013,Day
b34050290c25b0f7b52a2b8f767df87d,2013,Qtr 4,October,20,20,10,Octth,4,2013,Day
b34e643874d56f7909d7abbfa923fb5a,2012,Qtr 2,May,27,27,5,Mayth,2,2012,Day
b34f038fa8756c7f3677882d150ade23,2011,Qtr 4,December,3,3,12,Decth,4,2011,Day
b398f9f9c5791f694aee052dae13609e,2012,Qtr 2,June,19,19,6,Junth,2,2012,Day
b47e9c83e7be8d53bdb2baa76353f95d,2011,Qtr 1,February,1,1,2,Febth,1,2011,Day
b5bd60d2c998267a6b6a11a2521b0b65,2012,Qtr 1,February,23,23,2,Febth,1,2012,Day
b60afd1ea0dbefb3614f3f57badc2959,2012,Qtr 3,September,28,28,9,Septh,3,2012,Day
b60bd79b871d7c3345674370fa4dda03,2012,Qtr 4,November,5,5,11,Novth,4,2012,Day
b626fc8d2e0883d1c28d00d94d2c599f,2012,Qtr 2,May,8,8,5,Mayth,2,2012,Day
b63003b792fb0099f3c299464a2cb4bd,2011,Qtr 2,April,14,14,4,Aprth,2,2011,Day
b673025477c2a9a0524b27adc18ee543,2011,Qtr 3,September,13,13,9,Septh,3,2011,Day
b68fd63ca41d49bfc1b18251202c053f,2013,Qtr 3,September,5,5,9,Septh,3,2013,Day
b6bbe024fcbfd670a10e8dec3cd187f9,2011,Qtr 1,February,2,2,2,Febth,1,2011,Day
b75498e8e390851f18bb4c3cc467c09b,2011,Qtr 3,September,30,30,9,Septh,3,2011,Day
b7d5a5b8cc647eb5c041cfb92957acb2,2012,Qtr 4,October,6,6,10,Octth,4,2012,Day
b81e2439358b70281e1c24b06f6b2f55,2011,Qtr 2,May,31,31,5,Mayth,2,2011,Day
b841e6f2f1d20f20ca7bd238dfd4c300,2012,Qtr 3,August,8,8,8,Augth,3,2012,Day
b8cc77f0099ae7d3a20b9f0b74d70b12,2013,Qtr 1,February,15,15,2,Febth,1,2013,Day
b8d9d66529b0a1e91f6137abcdd065dd,2013,Qtr 1,March,23,23,3,Marth,1,2013,Day
b9178f906541b173529de99dd13c0e85,2011,Qtr 2,April,20,20,4,Aprth,2,2011,Day
b95a9f47dd73bb9b799a31ae04ee7da1,2013,Qtr 4,November,15,15,11,Novth,4,2013,Day
b9836987c405fca6133a2969f25c7398,2012,Qtr 1,February,2,2,2,Febth,1,2012,Day
b988e88fd94a3b47434beeb650cff880,2013,Qtr 2,April,29,29,4,Aprth,2,2013,Day
b9e08b025ef074f1404952480e6fa92a,2012,Qtr 2,April,18,18,4,Aprth,2,2012,Day
b9edfdebe9fb3fad4862841e57e559d8,2012,Qtr 1,January,7,7,1,Janth,1,2012,Day
ba19c22033aaecc6c5dad47f63e5858c,2013,Qtr 3,August,10,10,8,Augth,3,2013,Day
ba48ddec21a526f8db67c8e96a4051bc,2011,Qtr 3,August,21,21,8,Augth,3,2011,Day
ba5216f340c430ae833596806650eed2,2011,Qtr 1,March,1,1,3,Marth,1,2011,Day
ba588be30dd16be47b9647a72fe81700,2012,Qtr 3,July,4,4,7,Julth,3,2012,Day
bb858b10001c01aea17b4e635d0662a2,2014,Qtr 1,January,29,29,1,Janth,1,2014,Day
bbe7548219ab98340a1170c8a2e7847b,2012,Qtr 2,June,7,7,6,Junth,2,2012,Day
bc58efba5e800fb688b34bfde89c24bf,2013,Qtr 1,January,22,22,1,Janth,1,2013,Day
bc6a999cadc90ecb33e51eb0f9009145,2012,Qtr 2,May,18,18,5,Mayth,2,2012,Day
bc711710f4e4dd1cfeafbccb182790a0,2011,Qtr 1,February,17,17,2,Febth,1,2011,Day
bc761b2b7297029a695fbd6dd0470724,2013,Qtr 2,April,16,16,4,Aprth,2,2013,Day
bcecb4362a7ad5f479ac9c9c0f6761bb,2012,Qtr 4,December,13,13,12,Decth,4,2012,Day
bd0ae680b4a62b8b5bdab83f032b2284,2011,Qtr 1,January,13,13,1,Janth,1,2011,Day
bdeaa4898e182be99121455d5c86cce1,2012,Qtr 2,May,16,16,5,Mayth,2,2012,Day
be6c9b96c35f6d80642550df922ea69a,2012,Qtr 1,February,24,24,2,Febth,1,2012,Day
bea2034ab47ba6f72c2dea803bbc3328,2012,Qtr 1,January,15,15,1,Janth,1,2012,Day
bee2b842cd357511cf4c8e509f5af192,2013,Qtr 1,February,6,6,2,Febth,1,2013,Day
bf88ef1a27a7c08ac5123685d7229944,2011,Qtr 3,September,4,4,9,Septh,3,2011,Day
bfe24702a7cb81c4620880adb1bf9ffe,2012,Qtr 4,October,4,4,10,Octth,4,2012,Day
c00aa7441b750e57533585b4ed172f85,2012,Qtr 1,March,31,31,3,Marth,1,2012,Day
c00c38c95aa9544dce6852b834e4e8ab,2012,Qtr 3,September,19,19,9,Septh,3,2012,Day
c045063ec789c07ddd7ad868b7789049,2012,Qtr 4,December,20,20,12,Decth,4,2012,Day
c0ac3608147bb8f049e395b41577e2e4,2011,Qtr 1,February,14,14,2,Febth,1,2011,Day
c0c3930df842a4775c91daa172fcc42d,2011,Qtr 2,April,30,30,4,Aprth,2,2011,Day
c135545cc3f3a739132ffdbc8096f3d4,2013,Qtr 4,October,27,27,10,Octth,4,2013,Day
c164277d605c0bcbcd6b5749ac477b26,2012,Qtr 4,December,15,15,12,Decth,4,2012,Day
c23832fbf23a0e7899927ece4d109c94,2012,Qtr 2,May,19,19,5,Mayth,2,2012,Day
c260b06ffc51ebc422646203046c8eda,2012,Qtr 2,May,22,22,5,Mayth,2,2012,Day
c2b86ddac2beaf8eb5bc83522517930a,2011,Qtr 2,June,16,16,6,Junth,2,2011,Day
c33c6976b463bb3c89443e51c98853bd,2011,Qtr 4,November,11,11,11,Novth,4,2011,Day
c375f33d72ca7161f341c2726e82d67a,2013,Qtr 1,February,26,26,2,Febth,1,2013,Day
c3aa0c1c9cde5a60eae660ee09a2892b,2011,Qtr 2,April,19,19,4,Aprth,2,2011,Day
c4369eefdf9bb8a3f9115e96b40aaf17,2013,Qtr 4,November,1,1,11,Novth,4,2013,Day
c4c454d69a39e60a6f5cf2f97148adad,2013,Qtr 4,December,8,8,12,Decth,4,2013,Day
c507827aa5f4f6bbedf64058461c621b,2013,Qtr 3,September,28,28,9,Septh,3,2013,Day
c53a11f9ff0240a8c60779a9b2b3bc12,2011,Qtr 3,August,12,12,8,Augth,3,2011,Day
c55f055d5165a30d442dcecdc9275b95,2011,Qtr 3,August,15,15,8,Augth,3,2011,Day
c595f6cc53ad9db801808994a1189b6c,2012,Qtr 2,April,16,16,4,Aprth,2,2012,Day
c5a17660293447cbe93ad42b9ba5965c,2011,Qtr 3,July,4,4,7,Julth,3,2011,Day
c5b6ac945db87cf50d20426452434c3a,2011,Qtr 1,February,12,12,2,Febth,1,2011,Day
c5ed53572c667b119dde2fc0f54de602,2013,Qtr 4,December,23,23,12,Decth,4,2013,Day
c5f333101183a33b4b4d94a271add9fd,2012,Qtr 2,June,22,22,6,Junth,2,2012,Day
c660dc308b247ce08aeecd155306bae0,2013,Qtr 2,June,23,23,6,Junth,2,2013,Day
c662479358c8f228c7b04ddb926eb524,2011,Qtr 4,November,5,5,11,Novth,4,2011,Day
c677c7c135ec8863ce920e94467b93e3,2012,Qtr 2,May,3,3,5,Mayth,2,2012,Day
c694f825bbbc9515aa53a3169d7ebce9,2011,Qtr 1,January,23,23,1,Janth,1,2011,Day
c6cff482661a9daa82c86dddcf00c0e4,2012,Qtr 3,August,24,24,8,Augth,3,2012,Day
c6dec085564ebca8c2e300f077425d2f,2012,Qtr 1,January,30,30,1,Janth,1,2012,Day
c7390752782466cfc9a3ed7d3a79e046,2013,Qtr 4,October,19,19,10,Octth,4,2013,Day
c75ebcb138485ff2faa2ca7c6dda6bf5,2012,Qtr 1,January,22,22,1,Janth,1,2012,Day
c79548466fdad0728a9aa092fbad03a7,2011,Qtr 4,December,29,29,12,Decth,4,2011,Day
c7a16e3564a93e8393da22246748d231,2011,Qtr 2,May,1,1,5,Mayth,2,2011,Day
c7ba73dc38a0064ac7ceeef22463d8d7,2011,Qtr 4,December,27,27,12,Decth,4,2011,Day
c82e990b1e68272a09ad5b81d90292bc,2012,Qtr 2,May,28,28,5,Mayth,2,2012,Day
c83e871e48c2716e0f28e60d166a5c98,2013,Qtr 4,December,13,13,12,Decth,4,2013,Day
c87874400b9f907bdf9ea37d75a4b341,2013,Qtr 3,August,31,31,8,Augth,3,2013,Day
c885741a5e3e55c84950327011b70289,2013,Qtr 4,October,30,30,10,Octth,4,2013,Day
c886ecef680be79a8fb0e1da7d50af4b,2011,Qtr 2,April,15,15,4,Aprth,2,2011,Day
c8db84e7a63e3fa5806b462c51f794cd,2012,Qtr 3,August,7,7,8,Augth,3,2012,Day
c8f4a6002944b338d50dcc7eb3b056c8,2012,Qtr 4,December,1,1,12,Decth,4,2012,Day
c926349b55a58d87d7d5008c349fd1e9,2013,Qtr 2,June,25,25,6,Junth,2,2013,Day
c93cdb5d286db70864b70951bb6b1219,2012,Qtr 4,December,7,7,12,Decth,4,2012,Day
c947239f01c6b75acb71b136a7ee0eb3,2011,Qtr 1,March,8,8,3,Marth,1,2011,Day
c96b659647361342a1bb035614c242b1,2012,Qtr 4,December,28,28,12,Decth,4,2012,Day
c9c758d55bdf03ac0820bdda8c88e7f9,2011,Qtr 1,January,27,27,1,Janth,1,2011,Day
c9e159941f9c2ce8daa7b4737e7f8552,2012,Qtr 4,October,28,28,10,Octth,4,2012,Day
ca38f30e56a72f4d0c8d2264322c5862,2013,Qtr 4,October,23,23,10,Octth,4,2013,Day
ca510b577b53d588f80b4fc76030ea52,2013,Qtr 1,February,5,5,2,Febth,1,2013,Day
ca5b8307fa5f2189fb98330a9d65927c,2014,Qtr 1,January,7,7,1,Janth,1,2014,Day
ca904a2445f5f72709798833a74ae7c3,2012,Qtr 2,April,27,27,4,Aprth,2,2012,Day
caa707f97407c07371136aaf471a91d4,2013,Qtr 4,October,8,8,10,Octth,4,2013,Day
cae5717327bee7d74e261c550aa5081f,2013,Qtr 2,May,6,6,5,Mayth,2,2013,Day
cb1acef92aa40abf6c8b8044d9ed1309,2011,Qtr 4,November,15,15,11,Novth,4,2011,Day
cb3217ce33539985968a3e5daaf3e9a9,2011,Qtr 2,May,24,24,5,Mayth,2,2011,Day
cb5cf2f8eca0fe257d74c13a785b98c3,2012,Qtr 2,May,4,4,5,Mayth,2,2012,Day
cbb00636032a355ee463d321ac8ee9fb,2012,Qtr 4,November,13,13,11,Novth,4,2012,Day
cc2547b3671a031a723a4e3e241d0eed,2012,Qtr 3,September,8,8,9,Septh,3,2012,Day
ccb91034934bb047c5f6a32eb289b95b,2013,Qtr 2,June,20,20,6,Junth,2,2013,Day
ccf89c691dabb1412404274596922d90,2013,Qtr 3,September,8,8,9,Septh,3,2013,Day
cd15e5f80ff20dd345bfaa51400dd0d6,2013,Qtr 4,October,1,1,10,Octth,4,2013,Day
cd59b1822cd84a7b984662e762bba828,2011,Qtr 3,August,20,20,8,Augth,3,2011,Day
cd9e79fd7a43f48acc7de09fefb697d8,2011,Qtr 1,February,5,5,2,Febth,1,2011,Day
cdca3a374ce978208e8fe5a77e52729c,2011,Qtr 4,October,16,16,10,Octth,4,2011,Day
ce0250e4c407a28df088d59c0b77cc37,2012,Qtr 4,October,25,25,10,Octth,4,2012,Day
ce08c22f7777768ce4197eab9727516c,2013,Qtr 2,June,24,24,6,Junth,2,2013,Day
ceda4a900d234638ff03b93b262b14e6,2012,Qtr 4,October,21,21,10,Octth,4,2012,Day
ceed546c67e37bbf1b77e495913e2f57,2012,Qtr 3,July,14,14,7,Julth,3,2012,Day
cef496a29639a0ba3d5ad94ef759770a,2012,Qtr 2,May,1,1,5,Mayth,2,2012,Day
cf4f13c16dae1f2408e65c290fefcbaa,2011,Qtr 4,November,9,9,11,Novth,4,2011,Day
cfa82f31e4639f537cf9d0fe9050f93b,2012,Qtr 3,July,27,27,7,Julth,3,2012,Day
cfcb9c0159ca1cf30a8521a2922136e4,2012,Qtr 3,September,6,6,9,Septh,3,2012,Day
cfceb7490eff6e660974507be7c579c6,2013,Qtr 1,February,12,12,2,Febth,1,2013,Day
d01d18dbb9a3e8c7fa02a25b827b052d,2011,Qtr 2,June,3,3,6,Junth,2,2011,Day
d0eb731ed0bf74b4a74041192f7b377e,2012,Qtr 1,February,15,15,2,Febth,1,2012,Day
d0f6d44eeb1872b3e00d9f219db7d91c,2011,Qtr 4,December,16,16,12,Decth,4,2011,Day
d1024973c3d10f08cb9fa1736e6ed8b7,2013,Qtr 3,July,30,30,7,Julth,3,2013,Day
d10ad4e7451df9f235212ada0987c259,2012,Qtr 2,April,12,12,4,Aprth,2,2012,Day
d1638c6e02871b5c4957d2fe848b551a,2012,Qtr 1,February,1,1,2,Febth,1,2012,Day
d194d40a2a86356fa1572b2ef8e36048,2012,Qtr 4,October,3,3,10,Octth,4,2012,Day
d1a0ae4091e3b6f5d980e57269582a68,2011,Qtr 3,August,6,6,8,Augth,3,2011,Day
d27974ca95fd620ac92cf95bf8c1d1f2,2014,Qtr 1,January,10,10,1,Janth,1,2014,Day
d34ba8f5d7fd7d5959a34c283fbec422,2013,Qtr 2,April,7,7,4,Aprth,2,2013,Day
d35624c3724a7f923a0dcae76c01cb28,2012,Qtr 4,October,26,26,10,Octth,4,2012,Day
d37ddfbd511aeb9a1d163babcb308cf0,2011,Qtr 4,December,24,24,12,Decth,4,2011,Day
d3c54b4368c62c2ff11535bf2b677170,2013,Qtr 1,March,25,25,3,Marth,1,2013,Day
d3eeaeda5049634d28ea066923698901,2011,Qtr 3,July,5,5,7,Julth,3,2011,Day
d3f5e9e78b4eff50303cc34a8bd9fa20,2011,Qtr 3,August,31,31,8,Augth,3,2011,Day
d3fa88b8a081356f91911e74ecf7e481,2012,Qtr 1,January,20,20,1,Janth,1,2012,Day
d42ff2e8dfbd670b0e4f7cdb4eb2a548,2011,Qtr 1,February,11,11,2,Febth,1,2011,Day
d4746e41b619da57ee9f1a2e2cc254e8,2013,Qtr 3,August,24,24,8,Augth,3,2013,Day
d4ae40bdb21d7c1f4fee96082340d3a2,2014,Qtr 1,February,9,9,2,Febth,1,2014,Day
d52ca0bab7dda5183154411910401691,2010,Qtr 4,December,30,30,12,Decth,4,2010,Day
d53f9d33cac0a297449a74a10d031570,2013,Qtr 3,July,17,17,7,Julth,3,2013,Day
d5985f40495ba672dff8a99620b879c8,2013,Qtr 4,December,7,7,12,Decth,4,2013,Day
d5bc8f6048b5d9c5610a083b3df65c9e,2011,Qtr 4,October,17,17,10,Octth,4,2011,Day
d5cc3ca31a62986018db87cc11d7c3c0,2012,Qtr 3,August,13,13,8,Augth,3,2012,Day
d612b5fb3f6011688fb0c9927693365a,2014,Qtr 1,January,17,17,1,Janth,1,2014,Day
d630b2db6e8046e30b4728ca862ba4e1,2013,Qtr 2,June,3,3,6,Junth,2,2013,Day
d65fe2f8a3307343bdecec12e6ef15b0,2011,Qtr 1,March,23,23,3,Marth,1,2011,Day
d67506f7b78a628b8ca297a62df67cd7,2011,Qtr 4,November,10,10,11,Novth,4,2011,Day
d69d5137102461b560d829e677b972db,2011,Qtr 4,October,9,9,10,Octth,4,2011,Day
d6ab5a0eee939524352092b964d92b84,2013,Qtr 2,April,10,10,4,Aprth,2,2013,Day
d6b9b03542074ed6fb3d7591d5f55f01,2011,Qtr 2,May,8,8,5,Mayth,2,2011,Day
d6cafebfd2db462e512bc5b597cf9232,2012,Qtr 1,January,14,14,1,Janth,1,2012,Day
d6e34f14e6924cef6c0e043d6ab84346,2012,Qtr 1,February,27,27,2,Febth,1,2012,Day
d6ec5bff1a0809822c740ce35792fa7a,2013,Qtr 1,February,23,23,2,Febth,1,2013,Day
d6fb379288416774d139632beb88e26b,2013,Qtr 2,June,27,27,6,Junth,2,2013,Day
d76e0ba1fa041675ae9af958c5b41ae4,2013,Qtr 2,May,11,11,5,Mayth,2,2013,Day
d7a9e1dfc11849db0f8ae23e1daaf243,2011,Qtr 3,August,9,9,8,Augth,3,2011,Day
d7c0b05cc309d4516231ccf0d3417744,2011,Qtr 1,February,15,15,2,Febth,1,2011,Day
d7f57f35d2bad1349ca24a67a2635eea,2014,Qtr 1,January,8,8,1,Janth,1,2014,Day
d842148982d8efbc5cc6f26b41cc7251,2012,Qtr 2,June,28,28,6,Junth,2,2012,Day
d8a4ea0dc4237ee8690ee37b3902fd0e,2013,Qtr 2,April,9,9,4,Aprth,2,2013,Day
d8b441941a26e6828acf8cdaf0d6084e,2011,Qtr 1,January,28,28,1,Janth,1,2011,Day
d8c0cdf6e9755bab216fcb1de9e9a943,2011,Qtr 2,June,17,17,6,Junth,2,2011,Day
d945ec2aae74dbfb829453026b91c235,2013,Qtr 3,July,13,13,7,Julth,3,2013,Day
d97f818d3af6a71df556047f34873d5e,2011,Qtr 2,May,23,23,5,Mayth,2,2011,Day
d9ca82639ba070f97bdfe96c9e85b4c4,2012,Qtr 3,July,24,24,7,Julth,3,2012,Day
d9cd5832ac6226b16d8669df784e8c52,2012,Qtr 4,October,15,15,10,Octth,4,2012,Day
d9f7611cf8d29b48a1d3d8fddb8c5b2e,2013,Qtr 2,May,5,5,5,Mayth,2,2013,Day
da59baff9b2091053d3cbde67efd84ca,2012,Qtr 3,September,24,24,9,Septh,3,2012,Day
da9c4ba6c9a1ae8725389bfd38b5763a,2013,Qtr 1,March,20,20,3,Marth,1,2013,Day
daac5732a7741792804c19340b534bae,2012,Qtr 3,August,12,12,8,Augth,3,2012,Day
db10519e66d9a7b809b91935ad1a696d,2014,Qtr 1,January,20,20,1,Janth,1,2014,Day
db2b287636ac5ebda430de4f3f643b24,2013,Qtr 1,February,11,11,2,Febth,1,2013,Day
db2f6a564b6f5f41253c68874b50962b,2013,Qtr 3,July,28,28,7,Julth,3,2013,Day
dba3e44e23a1d2c2f299811e94db7fce,2013,Qtr 1,March,24,24,3,Marth,1,2013,Day
dbd014c6041b3624cb17ead892c37e4d,2012,Qtr 3,July,28,28,7,Julth,3,2012,Day
dbfd88fff205d4dd875043cc0852f905,2012,Qtr 3,August,10,10,8,Augth,3,2012,Day
dc0af343c9b6d5e1ad6ea6e30e094622,2011,Qtr 2,June,8,8,6,Junth,2,2011,Day
dc4e871b1fb11890821e8f8192f25df1,2012,Qtr 2,June,30,30,6,Junth,2,2012,Day
dca79d69a6b38e95c4b03bfab997796c,2013,Qtr 1,February,19,19,2,Febth,1,2013,Day
dcc3112eacc4c3fa1aaf2ea660552ee7,2011,Qtr 4,October,14,14,10,Octth,4,2011,Day
dcf73f840a50da0145f24e8e0169dc4b,2013,Qtr 4,December,12,12,12,Decth,4,2013,Day
dd10b03a406a44cb52e7d41971c2b941,2012,Qtr 2,April,15,15,4,Aprth,2,2012,Day
dd323e11c7806b56c8b4104210bb4235,2011,Qtr 4,November,16,16,11,Novth,4,2011,Day
ddb42f46f96f9e6cff404ed309f79051,2011,Qtr 3,September,6,6,9,Septh,3,2011,Day
ddc7146176eec240951e44da05d5f12b,2012,Qtr 4,December,14,14,12,Decth,4,2012,Day
ddf2a5b996051378e5e44109810f04c5,2012,Qtr 1,March,26,26,3,Marth,1,2012,Day
ddf982e1176e6263757093cc2f312cd3,2011,Qtr 3,July,13,13,7,Julth,3,2011,Day
de0ec1db92da84eb75354f77c92b4831,2012,Qtr 2,April,11,11,4,Aprth,2,2012,Day
de22d232bbe84481579f6252f1e7091d,2013,Qtr 2,May,18,18,5,Mayth,2,2013,Day
de3a4af731cd077daa2beb37e580c57f,2012,Qtr 1,January,21,21,1,Janth,1,2012,Day
de5009f9bf3e9725d2381f4a5e913111,2013,Qtr 4,October,11,11,10,Octth,4,2013,Day
dead1d7c916f42221e22a897aa6fc980,2011,Qtr 2,April,23,23,4,Aprth,2,2011,Day
debbb2493c6588799fc787e1854bcda5,2013,Qtr 2,May,28,28,5,Mayth,2,2013,Day
decf9fc89a1038c423f1bef01a953ac9,2012,Qtr 4,November,4,4,11,Novth,4,2012,Day
dee9eae0b6c5fbb75435e16238307e35,2011,Qtr 4,December,14,14,12,Decth,4,2011,Day
deff8ad81a213d1110c1f409a7f40fcd,2013,Qtr 1,February,27,27,2,Febth,1,2013,Day
df09a3a727ac0f29208c5ef3bf7625e6,2014,Qtr 1,January,14,14,1,Janth,1,2014,Day
df595e3c678d4fae23ce174fe747165e,2013,Qtr 2,June,10,10,6,Junth,2,2013,Day
dfcee565bb2da80a7b76451a5cd314a1,2013,Qtr 3,September,23,23,9,Septh,3,2013,Day
e03ae3b5ab9ed92e9fc903c440c40118,2012,Qtr 1,March,24,24,3,Marth,1,2012,Day
e0bcd0ff3072dfe15609d6be1529b0b8,2013,Qtr 3,July,5,5,7,Julth,3,2013,Day
e0cd1349b4c6e1b5f14ed427e358c2d0,2013,Qtr 4,November,20,20,11,Novth,4,2013,Day
e0f48f5bd9667361697fd7895dbec731,2011,Qtr 4,December,11,11,12,Decth,4,2011,Day
e0ff70a5e22e7449dab732c95d815720,2011,Qtr 4,December,21,21,12,Decth,4,2011,Day
e10208f8f7fcc7abfebbaa11e0a5d9a5,2011,Qtr 3,July,31,31,7,Julth,3,2011,Day
e1177aa92fd6f143803910e5ee60d40a,2011,Qtr 1,January,30,30,1,Janth,1,2011,Day
e18c2b136f61489c334cb708a5c6d75f,2011,Qtr 4,November,8,8,11,Novth,4,2011,Day
e1c989a8683174b4fd778fa463ff0253,2011,Qtr 4,October,18,18,10,Octth,4,2011,Day
e2bf301e1756834cb191a4103f0de32a,2011,Qtr 3,August,13,13,8,Augth,3,2011,Day
e2f0a420a4c1a9e8e292761f835e0489,2013,Qtr 3,September,14,14,9,Septh,3,2013,Day
e2f7ff887646789ea003d03bc2025325,2013,Qtr 1,February,2,2,2,Febth,1,2013,Day
e326f919619dfb88508877586e312f4c,2011,Qtr 3,September,16,16,9,Septh,3,2011,Day
e348aa55d5b10dd2c23ab2b7ce7e1e5f,2012,Qtr 1,January,12,12,1,Janth,1,2012,Day
e34e7eb0c21a4e95026c6fae15677b7a,2012,Qtr 3,August,15,15,8,Augth,3,2012,Day
e366e24b8ad0b1107528f2f58cd15a81,2013,Qtr 4,December,18,18,12,Decth,4,2013,Day
e41e8ee2e2795c7c1363a9f5054d57d7,2012,Qtr 3,July,8,8,7,Julth,3,2012,Day
e43c329598651187dc896f473b960062,2011,Qtr 2,April,4,4,4,Aprth,2,2011,Day
e488a84b1e74148f72971289cb4e1be9,2012,Qtr 4,November,6,6,11,Novth,4,2012,Day
e4b40b4ba619c72ec5a69caad258d393,2014,Qtr 1,January,11,11,1,Janth,1,2014,Day
e4eb0466781b24d67b81f508aeab70b7,2012,Qtr 1,March,1,1,3,Marth,1,2012,Day
e5114f65ece65e14e7b721dab1e674e0,2013,Qtr 4,October,31,31,10,Octth,4,2013,Day
e52d77ff6cfc92babed59c52d26cc727,2011,Qtr 3,September,28,28,9,Septh,3,2011,Day
e5395ed6218fcdbee3bcf445ea9eaaa3,2011,Qtr 3,July,27,27,7,Julth,3,2011,Day
e56b89db4bdb2b3ba01ca1e3dbaf16ef,2012,Qtr 2,June,6,6,6,Junth,2,2012,Day
e5bf4a4a03e320ed76cf2ca68fa5b4c0,2013,Qtr 1,February,7,7,2,Febth,1,2013,Day
e5cdc2e9be5ecca55f34ea2ebabb8670,2013,Qtr 1,January,7,7,1,Janth,1,2013,Day
e5fd8fa8e14be4aed936908e8f86dc7b,2012,Qtr 4,December,26,26,12,Decth,4,2012,Day
e61ec60837c3a7c01e31ad9b2d857e99,2012,Qtr 1,March,11,11,3,Marth,1,2012,Day
e65d2014d1516aff07ce4e23e98e0e1b,2012,Qtr 2,April,10,10,4,Aprth,2,2012,Day
e7445efc9c2e5f55aee8a2c2b02c9b7a,2011,Qtr 4,October,7,7,10,Octth,4,2011,Day
e7474cc4160afe50284f7f7c3679b3c1,2012,Qtr 4,November,25,25,11,Novth,4,2012,Day
e75396bbc7d812f8ff95e651f11eefcf,2011,Qtr 2,May,19,19,5,Mayth,2,2011,Day
e7df1b3ee078bdcfc260a877f321287d,2013,Qtr 2,June,11,11,6,Junth,2,2013,Day
e82ca4c6beebe812f10fa1041b97a160,2013,Qtr 3,September,21,21,9,Septh,3,2013,Day
e84848120190a8d0e696fbeb15647a74,2013,Qtr 4,November,21,21,11,Novth,4,2013,Day
e84927d3e6cb5062480084b8208ad296,2012,Qtr 2,April,20,20,4,Aprth,2,2012,Day
e871b36e68b0b3d0af9c742d81fef27a,2013,Qtr 4,November,17,17,11,Novth,4,2013,Day
e89a01c7beb66fd77ea090731710a12e,2011,Qtr 3,August,7,7,8,Augth,3,2011,Day
e8c0bfc4371d81db0dacde1b8fa393ca,2013,Qtr 1,January,19,19,1,Janth,1,2013,Day
e8e793c69d6c0688e51cf9bd1abe03b3,2012,Qtr 4,November,7,7,11,Novth,4,2012,Day
e904395773482ff67e248aa38929654a,2011,Qtr 1,February,27,27,2,Febth,1,2011,Day
e94c59408a716e0880e846ed2af22ab6,2011,Qtr 2,June,9,9,6,Junth,2,2011,Day
e9e022777a166797321214171f83507a,2011,Qtr 1,January,4,4,1,Janth,1,2011,Day
eb89b77c8ab43407829a31ec1c84f649,2011,Qtr 4,December,20,20,12,Decth,4,2011,Day
eb9a0a2ad203891ee4419d823051a34b,2011,Qtr 2,June,11,11,6,Junth,2,2011,Day
eba5233d2dd8ea5031e646882335ece0,2013,Qtr 2,May,4,4,5,Mayth,2,2013,Day
eba6cab7267f82e3b2a063d5ea445bb9,2013,Qtr 2,May,27,27,5,Mayth,2,2013,Day
ebce0865da088132946764a3527b5a4e,2012,Qtr 1,January,10,10,1,Janth,1,2012,Day
ec24e4cf9fcc90f3bbe81b2fb3735c21,2013,Qtr 4,November,13,13,11,Novth,4,2013,Day
ec3807bc691cff8019155b6bd6a3a85d,2011,Qtr 4,December,4,4,12,Decth,4,2011,Day
eca42dce13e2b8f5a7af58263fefeb0a,2012,Qtr 2,April,8,8,4,Aprth,2,2012,Day
ed14ee5e1bd1ca02f415796fc3f09c6a,2011,Qtr 1,February,19,19,2,Febth,1,2011,Day
ed268f8f3837888893f896b7240f1254,2013,Qtr 2,May,1,1,5,Mayth,2,2013,Day
ed67a38e51057f3df3dde5580357d4d9,2011,Qtr 1,January,1,1,1,Janth,1,2011,Day
ee0fcf6f6c7f398dea5b39f50af66f66,2011,Qtr 4,October,13,13,10,Octth,4,2011,Day
ee76080374845c1990834952499ba763,2012,Qtr 1,March,3,3,3,Marth,1,2012,Day
ee7b4e75b13596004256c5044792aa3c,2011,Qtr 3,September,5,5,9,Septh,3,2011,Day
eea5b3bd1bd5d5c62a1d22f78d3ba263,2013,Qtr 3,September,12,12,9,Septh,3,2013,Day
eedd9be5500334505ed9d4aef801ac3d,2013,Qtr 1,February,4,4,2,Febth,1,2013,Day
eee133049110ff4a6a9e42b5bf263b11,2011,Qtr 4,October,4,4,10,Octth,4,2011,Day
eef19d609e6d210600b55b2e51330be3,2012,Qtr 2,May,29,29,5,Mayth,2,2012,Day
eef21e68ecca703bb338920b950f203c,2013,Qtr 3,July,8,8,7,Julth,3,2013,Day
ef5bad66aa19ccfb82cacb73584b83ea,2013,Qtr 2,May,24,24,5,Mayth,2,2013,Day
ef6f862d87544c63e2c3dbb4d95a25a1,2012,Qtr 3,July,10,10,7,Julth,3,2012,Day
ef75419eb8c7f979c453315a1853bedc,2011,Qtr 4,November,28,28,11,Novth,4,2011,Day
efb944cb000716b997c2d0fb263d30ad,2011,Qtr 3,July,10,10,7,Julth,3,2011,Day
efe1c5e6e4edb477ce15d36dad6bbea3,2012,Qtr 3,August,30,30,8,Augth,3,2012,Day
efeeb9aa018e1010ee17c973765ea138,2012,Qtr 2,May,20,20,5,Mayth,2,2012,Day
f036f125fefcf3b1a561961fcdc80496,2011,Qtr 3,September,12,12,9,Septh,3,2011,Day
f04e53711455521533f4c5ed7dcaa287,2013,Qtr 1,February,22,22,2,Febth,1,2013,Day
f06fd077b6afc2d69af6e1e548da266d,2013,Qtr 4,November,8,8,11,Novth,4,2013,Day
f108e0cd2f96a0c22086f9d45ee08f19,2013,Qtr 2,June,26,26,6,Junth,2,2013,Day
f1877c1756a68271d12db39ddc87dad7,2012,Qtr 4,November,8,8,11,Novth,4,2012,Day
f1f6939ed2d920fdfc3de31d6a3d32ac,2012,Qtr 2,April,30,30,4,Aprth,2,2012,Day
f2a989663bc8d65aa827c90de8522a12,2011,Qtr 4,December,12,12,12,Decth,4,2011,Day
f3393c2fcf78ad71519178f1876f05b3,2012,Qtr 3,July,2,2,7,Julth,3,2012,Day
f369f42c17ebb621a3f39d4f45bb3068,2011,Qtr 4,October,31,31,10,Octth,4,2011,Day
f3743b367906f6735a01aa72d2cf8a5e,2011,Qtr 2,May,3,3,5,Mayth,2,2011,Day
f3a74234d20fe8b7fea9d1e61588ddde,2012,Qtr 1,March,22,22,3,Marth,1,2012,Day
f3cf78cac8ecb957d2c84eb7ec1a9c3c,2011,Qtr 4,November,19,19,11,Novth,4,2011,Day
f4452b45d360c31d145f01d4f37c6e05,2011,Qtr 2,June,12,12,6,Junth,2,2011,Day
f459baa887e18a3fb6af0118506f75a6,2012,Qtr 1,February,26,26,2,Febth,1,2012,Day
f4630495c408b1838e43e9291392dcdf,2012,Qtr 4,December,25,25,12,Decth,4,2012,Day
f46ace11e93788e473124f7be16a19d5,2013,Qtr 3,August,6,6,8,Augth,3,2013,Day
f476906875bc5d9abe836b4ea1f485c1,2013,Qtr 1,March,6,6,3,Marth,1,2013,Day
f4d4667dc106e39215fdb27a09c25150,2011,Qtr 4,October,26,26,10,Octth,4,2011,Day
f503064ebf1d6c48e58be9df2aa9a79b,2012,Qtr 3,September,2,2,9,Septh,3,2012,Day
f51bd0753a33f206ae6eb82577c92f80,2012,Qtr 4,December,11,11,12,Decth,4,2012,Day
f544b472453b297a8b55709fbfd3746d,2013,Qtr 4,November,16,16,11,Novth,4,2013,Day
f5933feadc49c253e4f0e77b236946e9,2013,Qtr 1,February,20,20,2,Febth,1,2013,Day
f5a02f7bc48083e48175f972314af8be,2011,Qtr 1,January,24,24,1,Janth,1,2011,Day
f5c31768618e3c8a7f1b3b755f08aa67,2011,Qtr 3,July,16,16,7,Julth,3,2011,Day
f5d822432c5ffbc58e8bd3ffc7607c1b,2012,Qtr 4,December,5,5,12,Decth,4,2012,Day
f5f4a24c43cdbbee05aff7941a939ee5,2011,Qtr 4,December,23,23,12,Decth,4,2011,Day
f67641ca977673896f765fef2e0d4486,2012,Qtr 3,September,9,9,9,Septh,3,2012,Day
f67ef19fd32e1f419c98c684dc9a20e0,2011,Qtr 3,August,5,5,8,Augth,3,2011,Day
f6a3074075f513ac39071601eaf0195a,2012,Qtr 4,October,10,10,10,Octth,4,2012,Day
f6fc4f2618f10629bd7f83026a77c035,2011,Qtr 3,July,23,23,7,Julth,3,2011,Day
f7004f672150f926791b3547ca9837cb,2012,Qtr 1,March,28,28,3,Marth,1,2012,Day
f75e5f8c15ca91ec5c869dc3881f574f,2013,Qtr 3,August,21,21,8,Augth,3,2013,Day
f799d104dd23bb828dcdaaefc4d25b61,2013,Qtr 1,February,17,17,2,Febth,1,2013,Day
f7b0a9ecc2f6023330b7a948b9e76688,2012,Qtr 4,December,6,6,12,Decth,4,2012,Day
f8018ae891e33dd2bfe3e20469c0de8f,2012,Qtr 2,May,23,23,5,Mayth,2,2012,Day
f8025d3776b5f7522a6120cb4e9e0783,2013,Qtr 3,July,18,18,7,Julth,3,2013,Day
f87821540a577f1c9a7d3e6ff2e77222,2011,Qtr 4,December,6,6,12,Decth,4,2011,Day
f88b3743a9ce1f9455b6de69380b486a,2013,Qtr 3,September,30,30,9,Septh,3,2013,Day
f8fc91862dc66c3aaaa0e65ff94d1479,2012,Qtr 4,November,1,1,11,Novth,4,2012,Day
f9160ced7c82c26576dae88d37ef543e,2011,Qtr 2,April,3,3,4,Aprth,2,2011,Day
f924afae9f4c724ae1a0a28c0959d2ed,2012,Qtr 3,August,4,4,8,Augth,3,2012,Day
f93a6ca5d224d7404ca783aa5a0c61c7,2011,Qtr 1,March,24,24,3,Marth,1,2011,Day
f96fbbcf63b1b65747983976e60d5967,2011,Qtr 1,March,5,5,3,Marth,1,2011,Day
f9906ac7d7d1241ad5c23eb95cf9c6e4,2011,Qtr 2,June,1,1,6,Junth,2,2011,Day
f990b5152ee42d12906765f468f9e605,2012,Qtr 3,July,12,12,7,Julth,3,2012,Day
f9ddb47946744febeaa9d83b982c0fdd,2011,Qtr 2,June,29,29,6,Junth,2,2011,Day
fa2c117fbfa874ac1c732417d5be02d3,2011,Qtr 3,August,14,14,8,Augth,3,2011,Day
fab7b0e87ea51ac9c36bc8aa60ee05bb,2012,Qtr 4,October,16,16,10,Octth,4,2012,Day
fbaf703299cbebd90f4ebe3575bd7ead,2011,Qtr 1,March,11,11,3,Marth,1,2011,Day
fc818380249389b9a3c3d3305d0d92a5,2011,Qtr 3,September,11,11,9,Septh,3,2011,Day
fc92d87f5fdfc4fdb58244cc592e3788,2012,Qtr 2,June,24,24,6,Junth,2,2012,Day
fcd5adae10c8b193e7f485daaca8edaf,2011,Qtr 3,August,2,2,8,Augth,3,2011,Day
fcf706c3e0fe93da0b11cc32b98eb22b,2012,Qtr 4,October,29,29,10,Octth,4,2012,Day
fd23826ef02908bf7404839a32ae44b4,2012,Qtr 4,October,9,9,10,Octth,4,2012,Day
fd2d4f3c923f907724bbdb60a26a944e,2012,Qtr 1,January,18,18,1,Janth,1,2012,Day
fd5ba6fdeb81e07b2caf0b103489bd8d,2013,Qtr 4,November,29,29,11,Novth,4,2013,Day
fda052162862bb845297063fd71a580c,2013,Qtr 2,April,30,30,4,Aprth,2,2013,Day
fdc1a11f11cd643200d6bfb5eb92100e,2012,Qtr 4,December,18,18,12,Decth,4,2012,Day
fdc720a8abaa222620409b00b4e00cc2,2012,Qtr 1,March,5,5,3,Marth,1,2012,Day
fde67888c64f701b59876ec559099b3e,2013,Qtr 2,May,8,8,5,Mayth,2,2013,Day
fdf68f0ae4edf12f9c0572d684f6fb6b,2011,Qtr 1,January,25,25,1,Janth,1,2011,Day
fe1fd19c021e78ec395980c2e347865e,2013,Qtr 4,October,26,26,10,Octth,4,2013,Day
fe79f48f1af975659b09282772273c5f,2011,Qtr 3,July,1,1,7,Julth,3,2011,Day
feac3e52d8032301cde96120a3dfe0d4,2012,Qtr 2,April,1,1,4,Aprth,2,2012,Day
fee42f8d62443b64a7e92c5e13c2fffe,2012,Qtr 3,July,3,3,7,Julth,3,2012,Day
fee8e08233f3f00450bce31967abb0f1,2013,Qtr 4,November,23,23,11,Novth,4,2013,Day
fef3080ec197edd1a04bb18afd31d16d,2013,Qtr 2,April,4,4,4,Aprth,2,2013,Day
ff2bf25190a8fcdee3d17552f1914d11,2012,Qtr 3,August,25,25,8,Augth,3,2012,Day
ff6b0fd180b0673e54be5105922418c2,2012,Qtr 1,March,10,10,3,Marth,1,2012,Day
ff865f6f4949cd6d631d069a4268d9aa,2012,Qtr 1,February,28,28,2,Febth,1,2012,Day
ff9b4d639b22897f1c0256881eeb8643,2012,Qtr 4,October,24,24,10,Octth,4,2012,Day
fff3c307c93eda1eb91d53ca588846fe,2013,Qtr 4,November,9,9,11,Novth,4,2013,Day
fffd2144f47526eeb222541136a47d44,2012,Qtr 1,March,6,6,3,Marth,1,2012,Day
